,,,,,,,,,,,,,,,,,,,,,,,,,,
Specs (1:4),,,FREE LINUX,,,,,,,,WINDOWS,,,,,,,,REDHAT,,,,,,
#,vCPU,RAM,Ser,Typ,Fla,OS,Com,Mod,DETASAD New Monthly List Price,,Ser,Typ,Fla,OS,Com,Mod,DETASAD New Monthly List Price,,Ser,Typ,Fla,OS,Com,Mod,DETASAD New Monthly List Price
1,1,4,ECS,G1,4,LNX,OD,MO, SAR 143.83 ,,ECS,G1,4,WIN,OD,MO, SAR 256.73 ,,ECS,G1,4,RH,OD,MO, SAR 570.39 
2,2,8,ECS,G1,8,LNX,OD,MO, SAR 287.65 ,,ECS,G1,8,WIN,OD,MO, SAR 513.45 ,,ECS,G1,8,RH,OD,MO, SAR 714.21 
3,4,16,ECS,G1,16,LNX,OD,MO, SAR 575.31 ,,ECS,G1,16,WIN,OD,MO," SAR 1,026.90 ",,ECS,G1,16,RH,OD,MO," SAR 1,001.87 "
4,6,24,ECS,G1,24,LNX,OD,MO, SAR 862.96 ,,ECS,G1,24,WIN,OD,MO," SAR 1,540.36 ",,ECS,G1,24,RH,OD,MO," SAR 1,289.52 "
5,8,32,ECS,G1,32,LNX,OD,MO," SAR 1,150.61 ",,ECS,G1,32,WIN,OD,MO," SAR 2,053.81 ",,ECS,G1,32,RH,OD,MO," SAR 1,577.17 "
6,10,40,ECS,G1,40,LNX,OD,MO," SAR 1,438.26 ",,ECS,G1,40,WIN,OD,MO," SAR 2,567.26 ",,ECS,G1,40,RH,OD,MO," SAR 1,864.82 "
7,12,48,ECS,G1,48,LNX,OD,MO," SAR 1,725.92 ",,ECS,G1,48,WIN,OD,MO," SAR 3,080.71 ",,ECS,G1,48,RH,OD,MO," SAR 2,152.48 "
8,14,56,ECS,G1,56,LNX,OD,MO," SAR 2,013.57 ",,ECS,G1,56,WIN,OD,MO," SAR 3,594.16 ",,ECS,G1,56,RH,OD,MO," SAR 2,440.13 "
9,16,64,ECS,G1,64,LNX,OD,MO," SAR 2,301.22 ",,ECS,G1,64,WIN,OD,MO," SAR 4,107.62 ",,ECS,G1,64,RH,OD,MO," SAR 2,727.78 "
10,18,72,ECS,G1,72,LNX,OD,MO," SAR 2,588.88 ",,ECS,G1,72,WIN,OD,MO," SAR 4,621.07 ",,ECS,G1,72,RH,OD,MO," SAR 3,531.44 "
11,20,80,ECS,G1,80,LNX,OD,MO," SAR 2,876.53 ",,ECS,G1,80,WIN,OD,MO," SAR 5,134.52 ",,ECS,G1,80,RH,OD,MO," SAR 3,819.09 "
12,22,88,ECS,G1,88,LNX,OD,MO," SAR 3,164.18 ",,ECS,G1,88,WIN,OD,MO," SAR 5,647.97 ",,ECS,G1,88,RH,OD,MO," SAR 4,106.74 "
13,24,96,ECS,G1,96,LNX,OD,MO," SAR 3,451.83 ",,ECS,G1,96,WIN,OD,MO," SAR 6,161.42 ",,ECS,G1,96,RH,OD,MO," SAR 4,394.39 "
14,26,104,ECS,G1,104,LNX,OD,MO," SAR 3,739.49 ",,ECS,G1,104,WIN,OD,MO," SAR 6,674.88 ",,ECS,G1,104,RH,OD,MO," SAR 4,682.05 "
15,28,112,ECS,G1,112,LNX,OD,MO," SAR 4,027.14 ",,ECS,G1,112,WIN,OD,MO," SAR 7,188.33 ",,ECS,G1,112,RH,OD,MO," SAR 4,969.70 "
16,30,120,ECS,G1,120,LNX,OD,MO," SAR 4,314.79 ",,ECS,G1,120,WIN,OD,MO," SAR 7,701.78 ",,ECS,G1,120,RH,OD,MO," SAR 5,257.35 "
17,32,128,ECS,G1,128,LNX,OD,MO," SAR 4,602.44 ",,ECS,G1,128,WIN,OD,MO," SAR 8,215.23 ",,ECS,G1,128,RH,OD,MO," SAR 5,545.00 "
,,,,,,,,,,,,,,,,,,,,,,,,,,
Specs (1:2),,,FREE LINUX,,,,,,,,WINDOWS,,,,,,,,REDHAT,,,,,,
#,vCPU,RAM,Ser,Typ,Fla,OS,Com,Mod,DETASAD New Monthly List Price,,Ser,Typ,Fla,OS,Com,Mod,DETASAD New Monthly List Price,,Ser,Typ,Fla,OS,Com,Mod,DETASAD New Monthly List Price
1,1,2,ECS,G2,2,LNX,OD,MO, SAR 109.14 ,,ECS,G2,2,WIN,OD,MO, SAR 203.60 ,,ECS,G2,2,RH,OD,MO, SAR 580.34 
2,2,4,ECS,G2,4,LNX,OD,MO, SAR 218.27 ,,ECS,G2,4,WIN,OD,MO, SAR 407.21 ,,ECS,G2,4,RH,OD,MO, SAR 689.47 
3,4,8,ECS,G2,8,LNX,OD,MO, SAR 436.54 ,,ECS,G2,8,WIN,OD,MO, SAR 814.42 ,,ECS,G2,8,RH,OD,MO, SAR 907.74 
4,6,12,ECS,G2,12,LNX,OD,MO, SAR 654.82 ,,ECS,G2,12,WIN,OD,MO," SAR 1,221.62 ",,ECS,G2,12,RH,OD,MO," SAR 1,126.02 "
5,8,16,ECS,G2,16,LNX,OD,MO, SAR 873.09 ,,ECS,G2,16,WIN,OD,MO," SAR 1,628.83 ",,ECS,G2,16,RH,OD,MO," SAR 1,344.29 "
6,10,20,ECS,G2,20,LNX,OD,MO," SAR 1,091.36 ",,ECS,G2,20,WIN,OD,MO," SAR 2,036.04 ",,ECS,G2,20,RH,OD,MO," SAR 1,562.56 "
7,12,24,ECS,G2,24,LNX,OD,MO," SAR 1,309.63 ",,ECS,G2,24,WIN,OD,MO," SAR 2,443.25 ",,ECS,G2,24,RH,OD,MO," SAR 1,780.83 "
8,14,28,ECS,G2,28,LNX,OD,MO," SAR 1,527.90 ",,ECS,G2,28,WIN,OD,MO," SAR 2,850.46 ",,ECS,G2,28,RH,OD,MO," SAR 1,999.10 "
9,16,32,ECS,G2,32,LNX,OD,MO," SAR 1,746.18 ",,ECS,G2,32,WIN,OD,MO," SAR 3,257.66 ",,ECS,G2,32,RH,OD,MO," SAR 2,217.38 "
10,18,36,ECS,G2,36,LNX,OD,MO," SAR 1,964.45 ",,ECS,G2,36,WIN,OD,MO," SAR 3,664.87 ",,ECS,G2,36,RH,OD,MO," SAR 3,005.65 "
11,20,40,ECS,G2,40,LNX,OD,MO," SAR 2,182.72 ",,ECS,G2,40,WIN,OD,MO," SAR 4,072.08 ",,ECS,G2,40,RH,OD,MO," SAR 3,223.92 "
12,22,44,ECS,G2,44,LNX,OD,MO," SAR 2,400.99 ",,ECS,G2,44,WIN,OD,MO," SAR 4,479.29 ",,ECS,G2,44,RH,OD,MO," SAR 3,442.19 "
13,24,48,ECS,G2,48,LNX,OD,MO," SAR 2,619.26 ",,ECS,G2,48,WIN,OD,MO," SAR 4,886.50 ",,ECS,G2,48,RH,OD,MO," SAR 3,660.46 "
14,26,52,ECS,G2,52,LNX,OD,MO," SAR 2,837.54 ",,ECS,G2,52,WIN,OD,MO," SAR 5,293.70 ",,ECS,G2,52,RH,OD,MO," SAR 3,878.74 "
15,28,56,ECS,G2,56,LNX,OD,MO," SAR 3,055.81 ",,ECS,G2,56,WIN,OD,MO," SAR 5,700.91 ",,ECS,G2,56,RH,OD,MO," SAR 4,097.01 "
16,30,60,ECS,G2,60,LNX,OD,MO," SAR 3,274.08 ",,ECS,G2,60,WIN,OD,MO," SAR 6,108.12 ",,ECS,G2,60,RH,OD,MO," SAR 4,315.28 "
17,32,64,ECS,G2,64,LNX,OD,MO," SAR 3,492.35 ",,ECS,G2,64,WIN,OD,MO," SAR 6,515.33 ",,ECS,G2,64,RH,OD,MO," SAR 4,533.55 "
,,,,,,,,,,,,,,,,,,,,,,,,,,
Specs (1:1),,,FREE LINUX,,,,,,,,WINDOWS,,,,,,,,REDHAT,,,,,,
#,vCPU,RAM,Ser,Typ,Fla,OS,Com,Mod,DETASAD New Monthly List Price,,Ser,Typ,Fla,OS,Com,Mod,DETASAD New Monthly List Price,,Ser,Typ,Fla,OS,Com,Mod,DETASAD New Monthly List Price
1,1,1,ECS,C1,1,LNX,OD,MO, SAR 84.27 ,,ECS,C1,1,WIN,OD,MO, SAR 146.35 ,,ECS,C1,1,RH,OD,MO, SAR 555.47 
2,2,2,ECS,C1,2,LNX,OD,MO, SAR 168.53 ,,ECS,C1,2,WIN,OD,MO, SAR 292.70 ,,ECS,C1,2,RH,OD,MO, SAR 639.73 
3,4,4,ECS,C1,4,LNX,OD,MO, SAR 337.06 ,,ECS,C1,4,WIN,OD,MO, SAR 585.39 ,,ECS,C1,4,RH,OD,MO, SAR 808.26 
4,6,6,ECS,C1,6,LNX,OD,MO, SAR 505.59 ,,ECS,C1,6,WIN,OD,MO, SAR 878.09 ,,ECS,C1,6,RH,OD,MO, SAR 976.79 
5,8,8,ECS,C1,8,LNX,OD,MO, SAR 674.12 ,,ECS,C1,8,WIN,OD,MO," SAR 1,170.78 ",,ECS,C1,8,RH,OD,MO," SAR 1,145.32 "
6,10,10,ECS,C1,10,LNX,OD,MO, SAR 842.65 ,,ECS,C1,10,WIN,OD,MO," SAR 1,463.48 ",,ECS,C1,10,RH,OD,MO," SAR 1,313.85 "
7,12,12,ECS,C1,12,LNX,OD,MO," SAR 1,011.18 ",,ECS,C1,12,WIN,OD,MO," SAR 1,756.17 ",,ECS,C1,12,RH,OD,MO," SAR 1,482.38 "
8,14,14,ECS,C1,14,LNX,OD,MO," SAR 1,179.71 ",,ECS,C1,14,WIN,OD,MO," SAR 2,048.87 ",,ECS,C1,14,RH,OD,MO," SAR 1,650.91 "
9,16,16,ECS,C1,16,LNX,OD,MO," SAR 1,348.24 ",,ECS,C1,16,WIN,OD,MO," SAR 2,341.56 ",,ECS,C1,16,RH,OD,MO," SAR 1,819.44 "
10,18,18,ECS,C1,18,LNX,OD,MO," SAR 1,516.77 ",,ECS,C1,18,WIN,OD,MO," SAR 2,634.26 ",,ECS,C1,18,RH,OD,MO," SAR 2,557.97 "
11,20,20,ECS,C1,20,LNX,OD,MO," SAR 1,685.30 ",,ECS,C1,20,WIN,OD,MO," SAR 2,926.95 ",,ECS,C1,20,RH,OD,MO," SAR 2,726.50 "
12,22,22,ECS,C1,22,LNX,OD,MO," SAR 1,853.83 ",,ECS,C1,22,WIN,OD,MO," SAR 3,219.65 ",,ECS,C1,22,RH,OD,MO," SAR 2,895.03 "
13,24,24,ECS,C1,24,LNX,OD,MO," SAR 2,022.36 ",,ECS,C1,24,WIN,OD,MO," SAR 3,512.34 ",,ECS,C1,24,RH,OD,MO," SAR 3,063.56 "
14,26,26,ECS,C1,26,LNX,OD,MO," SAR 2,190.89 ",,ECS,C1,26,WIN,OD,MO," SAR 3,805.04 ",,ECS,C1,26,RH,OD,MO," SAR 3,232.09 "
15,28,28,ECS,C1,28,LNX,OD,MO," SAR 2,359.42 ",,ECS,C1,28,WIN,OD,MO," SAR 4,097.73 ",,ECS,C1,28,RH,OD,MO," SAR 3,400.62 "
16,30,30,ECS,C1,30,LNX,OD,MO," SAR 2,527.95 ",,ECS,C1,30,WIN,OD,MO," SAR 4,390.43 ",,ECS,C1,30,RH,OD,MO," SAR 3,569.15 "
17,32,32,ECS,C1,32,LNX,OD,MO," SAR 2,696.48 ",,ECS,C1,32,WIN,OD,MO," SAR 4,683.12 ",,ECS,C1,32,RH,OD,MO," SAR 3,737.68 "
18,64,64,ECS,C1,64,LNX,OD,MO," SAR 5,392.96 ",,ECS,C1,64,WIN,OD,MO," SAR 9,366.24 ",,ECS,C1,64,RH,OD,MO," SAR 6,434.16 "
19,128,128,ECS,C1,128,LNX,OD,MO," SAR 10,785.92 ",,ECS,C1,128,WIN,OD,MO," SAR 18,732.48 ",,ECS,C1,128,RH,OD,MO," SAR 11,827.12 "
,,,,,,,,,,,,,,,,,,,,,,,,,,
Specs (1:0.5),,,FREE LINUX,,,,,,,,WINDOWS,,,,,,,,REDHAT,,,,,,
#,vCPU,RAM,Ser,Typ,Fla,OS,Com,Mod,DETASAD New Monthly List Price,,Ser,Typ,Fla,OS,Com,Mod,DETASAD New Monthly List Price,,Ser,Typ,Fla,OS,Com,Mod,DETASAD New Monthly List Price
1,2,1,ECS,C2,1,LNX,OD,MO, SAR 143.66 ,,ECS,C2,1,WIN,OD,MO, SAR 235.44 ,,ECS,C2,1,RH,OD,MO, SAR 614.86 
2,4,2,ECS,C2,2,LNX,OD,MO, SAR 287.32 ,,ECS,C2,2,WIN,OD,MO, SAR 470.88 ,,ECS,C2,2,RH,OD,MO, SAR 758.52 
3,6,3,ECS,C2,3,LNX,OD,MO, SAR 430.98 ,,ECS,C2,3,WIN,OD,MO, SAR 706.32 ,,ECS,C2,3,RH,OD,MO, SAR 902.18 
4,8,4,ECS,C2,4,LNX,OD,MO, SAR 574.64 ,,ECS,C2,4,WIN,OD,MO, SAR 941.75 ,,ECS,C2,4,RH,OD,MO," SAR 1,045.84 "
5,10,5,ECS,C2,5,LNX,OD,MO, SAR 718.30 ,,ECS,C2,5,WIN,OD,MO," SAR 1,177.19 ",,ECS,C2,5,RH,OD,MO," SAR 1,189.50 "
6,12,6,ECS,C2,6,LNX,OD,MO, SAR 861.95 ,,ECS,C2,6,WIN,OD,MO," SAR 1,412.63 ",,ECS,C2,6,RH,OD,MO," SAR 1,333.15 "
7,14,7,ECS,C2,7,LNX,OD,MO," SAR 1,005.61 ",,ECS,C2,7,WIN,OD,MO," SAR 1,648.07 ",,ECS,C2,7,RH,OD,MO," SAR 1,476.81 "
8,16,8,ECS,C2,8,LNX,OD,MO," SAR 1,149.27 ",,ECS,C2,8,WIN,OD,MO," SAR 1,883.51 ",,ECS,C2,8,RH,OD,MO," SAR 1,620.47 "
9,18,9,ECS,C2,9,LNX,OD,MO," SAR 1,292.93 ",,ECS,C2,9,WIN,OD,MO," SAR 2,118.95 ",,ECS,C2,9,RH,OD,MO," SAR 2,334.13 "
10,20,10,ECS,C2,10,LNX,OD,MO," SAR 1,436.59 ",,ECS,C2,10,WIN,OD,MO," SAR 2,354.39 ",,ECS,C2,10,RH,OD,MO," SAR 2,477.79 "
11,22,11,ECS,C2,11,LNX,OD,MO," SAR 1,580.25 ",,ECS,C2,11,WIN,OD,MO," SAR 2,589.82 ",,ECS,C2,11,RH,OD,MO," SAR 2,621.45 "
12,24,12,ECS,C2,12,LNX,OD,MO," SAR 1,723.91 ",,ECS,C2,12,WIN,OD,MO," SAR 2,825.26 ",,ECS,C2,12,RH,OD,MO," SAR 2,765.11 "
13,26,13,ECS,C2,13,LNX,OD,MO," SAR 1,867.57 ",,ECS,C2,13,WIN,OD,MO," SAR 3,060.70 ",,ECS,C2,13,RH,OD,MO," SAR 2,908.77 "
14,28,14,ECS,C2,14,LNX,OD,MO," SAR 2,011.23 ",,ECS,C2,14,WIN,OD,MO," SAR 3,296.14 ",,ECS,C2,14,RH,OD,MO," SAR 3,052.43 "
15,30,15,ECS,C2,15,LNX,OD,MO," SAR 2,154.89 ",,ECS,C2,15,WIN,OD,MO," SAR 3,531.58 ",,ECS,C2,15,RH,OD,MO," SAR 3,196.09 "
16,32,16,ECS,C2,16,LNX,OD,MO," SAR 2,298.54 ",,ECS,C2,16,WIN,OD,MO," SAR 3,767.02 ",,ECS,C2,16,RH,OD,MO," SAR 3,339.74 "
17,34,17,ECS,C2,17,LNX,OD,MO," SAR 2,442.20 ",,ECS,C2,17,WIN,OD,MO," SAR 4,002.45 ",,ECS,C2,17,RH,OD,MO," SAR 3,483.40 "
18,36,18,ECS,C2,18,LNX,OD,MO," SAR 2,585.86 ",,ECS,C2,18,WIN,OD,MO," SAR 4,237.89 ",,ECS,C2,18,RH,OD,MO," SAR 3,627.06 "
,,,,,,,,,,,,,,,,,,,,,,,,,,
Specs (1:8),,,FREE LINUX,,,,,,,,WINDOWS,,,,,,,,REDHAT,,,,,,
#,vCPU,RAM,Ser,Typ,Fla,OS,Com,Mod,DETASAD New Monthly List Price,,Ser,Typ,Fla,OS,Com,Mod,DETASAD New Monthly List Price,,Ser,Typ,Fla,OS,Com,Mod,DETASAD New Monthly List Price
1,1,8,ECS,M1,8,LNX,OD,MO, SAR 190.37 ,,ECS,M1,8,WIN,OD,MO, SAR 301.41 ,,ECS,M1,8,RH,OD,MO, SAR 537.57 
2,2,16,ECS,M1,16,LNX,OD,MO, SAR 380.74 ,,ECS,M1,16,WIN,OD,MO, SAR 602.82 ,,ECS,M1,16,RH,OD,MO, SAR 727.94 
3,4,32,ECS,M1,32,LNX,OD,MO, SAR 761.49 ,,ECS,M1,32,WIN,OD,MO," SAR 1,205.63 ",,ECS,M1,32,RH,OD,MO," SAR 1,108.69 "
4,6,48,ECS,M1,48,LNX,OD,MO," SAR 1,142.23 ",,ECS,M1,48,WIN,OD,MO," SAR 1,808.45 ",,ECS,M1,48,RH,OD,MO," SAR 1,489.43 "
5,8,64,ECS,M1,64,LNX,OD,MO," SAR 1,522.98 ",,ECS,M1,64,WIN,OD,MO," SAR 2,411.27 ",,ECS,M1,64,RH,OD,MO," SAR 1,870.18 "
6,10,80,ECS,M1,80,LNX,OD,MO," SAR 1,903.72 ",,ECS,M1,80,WIN,OD,MO," SAR 3,014.09 ",,ECS,M1,80,RH,OD,MO," SAR 2,250.92 "
7,12,96,ECS,M1,96,LNX,OD,MO," SAR 2,284.46 ",,ECS,M1,96,WIN,OD,MO," SAR 3,616.90 ",,ECS,M1,96,RH,OD,MO," SAR 2,631.66 "
8,14,112,ECS,M1,112,LNX,OD,MO," SAR 2,665.21 ",,ECS,M1,112,WIN,OD,MO," SAR 4,219.72 ",,ECS,M1,112,RH,OD,MO," SAR 3,012.41 "
9,16,128,ECS,M1,128,LNX,OD,MO," SAR 3,045.95 ",,ECS,M1,128,WIN,OD,MO," SAR 4,822.54 ",,ECS,M1,128,RH,OD,MO," SAR 3,393.15 "
10,18,144,ECS,M1,144,LNX,OD,MO," SAR 3,426.70 ",,ECS,M1,144,WIN,OD,MO," SAR 5,425.35 ",,ECS,M1,144,RH,OD,MO," SAR 4,193.90 "
,,,,,,,,,,,,,,,,,,,,,,,,,,
,,,,,,,,,,,,,,,,,,,,,,,,,,
Specs (1:4),,,FREE LINUX,,,,,,,,WINDOWS,,,,,,,,REDHAT,,,,,,
#,vCPU,RAM,Ser,Typ,Fla,OS,Com,Mod,DETASAD New Monthly List Price,,Ser,Typ,Fla,OS,Com,Mod,DETASAD New Monthly List Price,,Ser,Typ,Fla,OS,Com,Mod,DETASAD New Monthly List Price
1,1,4,ECS,G1,4,LNX,1Y,NU, SAR 101.18 ,,ECS,G1,4,WIN,1Y,NU, SAR 212.08 ,,ECS,G1,4,RH,1Y,NU, SAR 401.26 
2,2,8,ECS,G1,8,LNX,1Y,NU, SAR 202.36 ,,ECS,G1,8,WIN,1Y,NU, SAR 424.16 ,,ECS,G1,8,RH,1Y,NU, SAR 502.44 
3,4,16,ECS,G1,16,LNX,1Y,NU, SAR 404.72 ,,ECS,G1,16,WIN,1Y,NU, SAR 848.31 ,,ECS,G1,16,RH,1Y,NU, SAR 704.80 
4,6,24,ECS,G1,24,LNX,1Y,NU, SAR 607.08 ,,ECS,G1,24,WIN,1Y,NU," SAR 1,272.47 ",,ECS,G1,24,RH,1Y,NU, SAR 907.16 
5,8,32,ECS,G1,32,LNX,1Y,NU, SAR 809.44 ,,ECS,G1,32,WIN,1Y,NU," SAR 1,696.62 ",,ECS,G1,32,RH,1Y,NU," SAR 1,109.52 "
6,10,40,ECS,G1,40,LNX,1Y,NU," SAR 1,011.80 ",,ECS,G1,40,WIN,1Y,NU," SAR 2,120.78 ",,ECS,G1,40,RH,1Y,NU," SAR 1,311.88 "
7,12,48,ECS,G1,48,LNX,1Y,NU," SAR 1,214.16 ",,ECS,G1,48,WIN,1Y,NU," SAR 2,544.94 ",,ECS,G1,48,RH,1Y,NU," SAR 1,514.24 "
8,14,56,ECS,G1,56,LNX,1Y,NU," SAR 1,416.52 ",,ECS,G1,56,WIN,1Y,NU," SAR 2,969.09 ",,ECS,G1,56,RH,1Y,NU," SAR 1,716.60 "
9,16,64,ECS,G1,64,LNX,1Y,NU," SAR 1,618.88 ",,ECS,G1,64,WIN,1Y,NU," SAR 3,393.25 ",,ECS,G1,64,RH,1Y,NU," SAR 1,918.96 "
10,18,72,ECS,G1,72,LNX,1Y,NU," SAR 1,821.24 ",,ECS,G1,72,WIN,1Y,NU," SAR 3,817.40 ",,ECS,G1,72,RH,1Y,NU," SAR 2,484.32 "
11,20,80,ECS,G1,80,LNX,1Y,NU," SAR 2,023.60 ",,ECS,G1,80,WIN,1Y,NU," SAR 4,241.56 ",,ECS,G1,80,RH,1Y,NU," SAR 2,686.68 "
12,22,88,ECS,G1,88,LNX,1Y,NU," SAR 2,225.96 ",,ECS,G1,88,WIN,1Y,NU," SAR 4,665.72 ",,ECS,G1,88,RH,1Y,NU," SAR 2,889.04 "
13,24,96,ECS,G1,96,LNX,1Y,NU," SAR 2,428.32 ",,ECS,G1,96,WIN,1Y,NU," SAR 5,089.87 ",,ECS,G1,96,RH,1Y,NU," SAR 3,091.40 "
14,26,104,ECS,G1,104,LNX,1Y,NU," SAR 2,630.69 ",,ECS,G1,104,WIN,1Y,NU," SAR 5,514.03 ",,ECS,G1,104,RH,1Y,NU," SAR 3,293.77 "
15,28,112,ECS,G1,112,LNX,1Y,NU," SAR 2,833.05 ",,ECS,G1,112,WIN,1Y,NU," SAR 5,938.18 ",,ECS,G1,112,RH,1Y,NU," SAR 3,496.13 "
16,30,120,ECS,G1,120,LNX,1Y,NU," SAR 3,035.41 ",,ECS,G1,120,WIN,1Y,NU," SAR 6,362.34 ",,ECS,G1,120,RH,1Y,NU," SAR 3,698.49 "
17,32,128,ECS,G1,128,LNX,1Y,NU," SAR 3,237.77 ",,ECS,G1,128,WIN,1Y,NU," SAR 6,786.50 ",,ECS,G1,128,RH,1Y,NU," SAR 3,900.85 "
,,,,,,,,,,,,,,,,,,,,,,,,,,
Specs (1:2),,,FREE LINUX,,,,,,,,WINDOWS,,,,,,,,REDHAT,,,,,,
#,vCPU,RAM,Ser,Typ,Fla,OS,Com,Mod,DETASAD New Monthly List Price,,Ser,Typ,Fla,OS,Com,Mod,DETASAD New Monthly List Price,,Ser,Typ,Fla,OS,Com,Mod,DETASAD New Monthly List Price
1,1,2,ECS,G2,2,LNX,1Y,NU, SAR 74.67 ,,ECS,G2,2,WIN,1Y,NU, SAR 170.03 ,,ECS,G2,2,RH,1Y,NU, SAR 397.07 
2,2,4,ECS,G2,4,LNX,1Y,NU, SAR 149.34 ,,ECS,G2,4,WIN,1Y,NU, SAR 340.05 ,,ECS,G2,4,RH,1Y,NU, SAR 471.74 
3,4,8,ECS,G2,8,LNX,1Y,NU, SAR 298.69 ,,ECS,G2,8,WIN,1Y,NU, SAR 680.11 ,,ECS,G2,8,RH,1Y,NU, SAR 621.09 
4,6,12,ECS,G2,12,LNX,1Y,NU, SAR 448.03 ,,ECS,G2,12,WIN,1Y,NU," SAR 1,020.16 ",,ECS,G2,12,RH,1Y,NU, SAR 770.43 
5,8,16,ECS,G2,16,LNX,1Y,NU, SAR 597.38 ,,ECS,G2,16,WIN,1Y,NU," SAR 1,360.22 ",,ECS,G2,16,RH,1Y,NU, SAR 919.78 
6,10,20,ECS,G2,20,LNX,1Y,NU, SAR 746.72 ,,ECS,G2,20,WIN,1Y,NU," SAR 1,700.27 ",,ECS,G2,20,RH,1Y,NU," SAR 1,069.12 "
7,12,24,ECS,G2,24,LNX,1Y,NU, SAR 896.06 ,,ECS,G2,24,WIN,1Y,NU," SAR 2,040.33 ",,ECS,G2,24,RH,1Y,NU," SAR 1,218.46 "
8,14,28,ECS,G2,28,LNX,1Y,NU," SAR 1,045.41 ",,ECS,G2,28,WIN,1Y,NU," SAR 2,380.38 ",,ECS,G2,28,RH,1Y,NU," SAR 1,367.81 "
9,16,32,ECS,G2,32,LNX,1Y,NU," SAR 1,194.75 ",,ECS,G2,32,WIN,1Y,NU," SAR 2,720.44 ",,ECS,G2,32,RH,1Y,NU," SAR 1,517.15 "
10,18,36,ECS,G2,36,LNX,1Y,NU," SAR 1,344.10 ",,ECS,G2,36,WIN,1Y,NU," SAR 3,060.49 ",,ECS,G2,36,RH,1Y,NU," SAR 2,056.50 "
11,20,40,ECS,G2,40,LNX,1Y,NU," SAR 1,493.44 ",,ECS,G2,40,WIN,1Y,NU," SAR 3,400.54 ",,ECS,G2,40,RH,1Y,NU," SAR 2,205.84 "
12,22,44,ECS,G2,44,LNX,1Y,NU," SAR 1,642.78 ",,ECS,G2,44,WIN,1Y,NU," SAR 3,740.60 ",,ECS,G2,44,RH,1Y,NU," SAR 2,355.18 "
13,24,48,ECS,G2,48,LNX,1Y,NU," SAR 1,792.13 ",,ECS,G2,48,WIN,1Y,NU," SAR 4,080.65 ",,ECS,G2,48,RH,1Y,NU," SAR 2,504.53 "
14,26,52,ECS,G2,52,LNX,1Y,NU," SAR 1,941.47 ",,ECS,G2,52,WIN,1Y,NU," SAR 4,420.71 ",,ECS,G2,52,RH,1Y,NU," SAR 2,653.87 "
15,28,56,ECS,G2,56,LNX,1Y,NU," SAR 2,090.82 ",,ECS,G2,56,WIN,1Y,NU," SAR 4,760.76 ",,ECS,G2,56,RH,1Y,NU," SAR 2,803.22 "
16,30,60,ECS,G2,60,LNX,1Y,NU," SAR 2,240.16 ",,ECS,G2,60,WIN,1Y,NU," SAR 5,100.82 ",,ECS,G2,60,RH,1Y,NU," SAR 2,952.56 "
17,32,64,ECS,G2,64,LNX,1Y,NU," SAR 2,389.50 ",,ECS,G2,64,WIN,1Y,NU," SAR 5,440.87 ",,ECS,G2,64,RH,1Y,NU," SAR 3,101.90 "
,,,,,,,,,,,,,,,,,,,,,,,,,,
Specs (1:1),,,FREE LINUX,,,,,,,,WINDOWS,,,,,,,,REDHAT,,,,,,
#,vCPU,RAM,Ser,Typ,Fla,OS,Com,Mod,DETASAD New Monthly List Price,,Ser,Typ,Fla,OS,Com,Mod,DETASAD New Monthly List Price,,Ser,Typ,Fla,OS,Com,Mod,DETASAD New Monthly List Price
1,1,1,ECS,C1,1,LNX,1Y,NU, SAR 57.66 ,,ECS,C1,1,WIN,1Y,NU, SAR 122.21 ,,ECS,C1,1,RH,1Y,NU, SAR 380.06 
2,2,2,ECS,C1,2,LNX,1Y,NU, SAR 115.31 ,,ECS,C1,2,WIN,1Y,NU, SAR 244.43 ,,ECS,C1,2,RH,1Y,NU, SAR 437.71 
3,4,4,ECS,C1,4,LNX,1Y,NU, SAR 230.62 ,,ECS,C1,4,WIN,1Y,NU, SAR 488.85 ,,ECS,C1,4,RH,1Y,NU, SAR 553.02 
4,6,6,ECS,C1,6,LNX,1Y,NU, SAR 345.93 ,,ECS,C1,6,WIN,1Y,NU, SAR 733.28 ,,ECS,C1,6,RH,1Y,NU, SAR 668.33 
5,8,8,ECS,C1,8,LNX,1Y,NU, SAR 461.24 ,,ECS,C1,8,WIN,1Y,NU, SAR 977.70 ,,ECS,C1,8,RH,1Y,NU, SAR 783.64 
6,10,10,ECS,C1,10,LNX,1Y,NU, SAR 576.55 ,,ECS,C1,10,WIN,1Y,NU," SAR 1,222.13 ",,ECS,C1,10,RH,1Y,NU, SAR 898.95 
7,12,12,ECS,C1,12,LNX,1Y,NU, SAR 691.86 ,,ECS,C1,12,WIN,1Y,NU," SAR 1,466.56 ",,ECS,C1,12,RH,1Y,NU," SAR 1,014.26 "
8,14,14,ECS,C1,14,LNX,1Y,NU, SAR 807.17 ,,ECS,C1,14,WIN,1Y,NU," SAR 1,710.98 ",,ECS,C1,14,RH,1Y,NU," SAR 1,129.57 "
9,16,16,ECS,C1,16,LNX,1Y,NU, SAR 922.48 ,,ECS,C1,16,WIN,1Y,NU," SAR 1,955.41 ",,ECS,C1,16,RH,1Y,NU," SAR 1,244.88 "
10,18,18,ECS,C1,18,LNX,1Y,NU," SAR 1,037.79 ",,ECS,C1,18,WIN,1Y,NU," SAR 2,199.83 ",,ECS,C1,18,RH,1Y,NU," SAR 1,750.19 "
11,20,20,ECS,C1,20,LNX,1Y,NU," SAR 1,153.10 ",,ECS,C1,20,WIN,1Y,NU," SAR 2,444.26 ",,ECS,C1,20,RH,1Y,NU," SAR 1,865.50 "
12,22,22,ECS,C1,22,LNX,1Y,NU," SAR 1,268.41 ",,ECS,C1,22,WIN,1Y,NU," SAR 2,688.69 ",,ECS,C1,22,RH,1Y,NU," SAR 1,980.81 "
13,24,24,ECS,C1,24,LNX,1Y,NU," SAR 1,383.72 ",,ECS,C1,24,WIN,1Y,NU," SAR 2,933.11 ",,ECS,C1,24,RH,1Y,NU," SAR 2,096.12 "
14,26,26,ECS,C1,26,LNX,1Y,NU," SAR 1,499.03 ",,ECS,C1,26,WIN,1Y,NU," SAR 3,177.54 ",,ECS,C1,26,RH,1Y,NU," SAR 2,211.43 "
15,28,28,ECS,C1,28,LNX,1Y,NU," SAR 1,614.34 ",,ECS,C1,28,WIN,1Y,NU," SAR 3,421.96 ",,ECS,C1,28,RH,1Y,NU," SAR 2,326.74 "
16,30,30,ECS,C1,30,LNX,1Y,NU," SAR 1,729.65 ",,ECS,C1,30,WIN,1Y,NU," SAR 3,666.39 ",,ECS,C1,30,RH,1Y,NU," SAR 2,442.05 "
17,32,32,ECS,C1,32,LNX,1Y,NU," SAR 1,844.96 ",,ECS,C1,32,WIN,1Y,NU," SAR 3,910.82 ",,ECS,C1,32,RH,1Y,NU," SAR 2,557.36 "
18,64,64,ECS,C1,64,LNX,1Y,NU," SAR 3,689.92 ",,ECS,C1,64,WIN,1Y,NU," SAR 7,821.63 ",,ECS,C1,64,RH,1Y,NU," SAR 4,402.32 "
19,128,128,ECS,C1,128,LNX,1Y,NU," SAR 7,379.84 ",,ECS,C1,128,WIN,1Y,NU," SAR 15,643.26 ",,ECS,C1,128,RH,1Y,NU," SAR 8,092.24 "
,,,,,,,,,,,,,,,,,,,,,,,,,,
Specs (1:0.5),,,FREE LINUX,,,,,,,,WINDOWS,,,,,,,,REDHAT,,,,,,
#,vCPU,RAM,Ser,Typ,Fla,OS,Com,Mod,DETASAD New Monthly List Price,,Ser,Typ,Fla,OS,Com,Mod,DETASAD New Monthly List Price,,Ser,Typ,Fla,OS,Com,Mod,DETASAD New Monthly List Price
1,2,1,ECS,C2,1,LNX,1Y,NU, SAR 98.29 ,,ECS,C2,1,WIN,1Y,NU, SAR 196.61 ,,ECS,C2,1,RH,1Y,NU, SAR 420.69 
2,4,2,ECS,C2,2,LNX,1Y,NU, SAR 196.59 ,,ECS,C2,2,WIN,1Y,NU, SAR 393.22 ,,ECS,C2,2,RH,1Y,NU, SAR 518.99 
3,6,3,ECS,C2,3,LNX,1Y,NU, SAR 294.88 ,,ECS,C2,3,WIN,1Y,NU, SAR 589.84 ,,ECS,C2,3,RH,1Y,NU, SAR 617.28 
4,8,4,ECS,C2,4,LNX,1Y,NU, SAR 393.17 ,,ECS,C2,4,WIN,1Y,NU, SAR 786.45 ,,ECS,C2,4,RH,1Y,NU, SAR 715.57 
5,10,5,ECS,C2,5,LNX,1Y,NU, SAR 491.47 ,,ECS,C2,5,WIN,1Y,NU, SAR 983.06 ,,ECS,C2,5,RH,1Y,NU, SAR 813.87 
6,12,6,ECS,C2,6,LNX,1Y,NU, SAR 589.76 ,,ECS,C2,6,WIN,1Y,NU," SAR 1,179.67 ",,ECS,C2,6,RH,1Y,NU, SAR 912.16 
7,14,7,ECS,C2,7,LNX,1Y,NU, SAR 688.05 ,,ECS,C2,7,WIN,1Y,NU," SAR 1,376.28 ",,ECS,C2,7,RH,1Y,NU," SAR 1,010.45 "
8,16,8,ECS,C2,8,LNX,1Y,NU, SAR 786.34 ,,ECS,C2,8,WIN,1Y,NU," SAR 1,572.89 ",,ECS,C2,8,RH,1Y,NU," SAR 1,108.74 "
9,18,9,ECS,C2,9,LNX,1Y,NU, SAR 884.64 ,,ECS,C2,9,WIN,1Y,NU," SAR 1,769.51 ",,ECS,C2,9,RH,1Y,NU," SAR 1,597.04 "
10,20,10,ECS,C2,10,LNX,1Y,NU, SAR 982.93 ,,ECS,C2,10,WIN,1Y,NU," SAR 1,966.12 ",,ECS,C2,10,RH,1Y,NU," SAR 1,695.33 "
11,22,11,ECS,C2,11,LNX,1Y,NU," SAR 1,081.22 ",,ECS,C2,11,WIN,1Y,NU," SAR 2,162.73 ",,ECS,C2,11,RH,1Y,NU," SAR 1,793.62 "
12,24,12,ECS,C2,12,LNX,1Y,NU," SAR 1,179.52 ",,ECS,C2,12,WIN,1Y,NU," SAR 2,359.34 ",,ECS,C2,12,RH,1Y,NU," SAR 1,891.92 "
13,26,13,ECS,C2,13,LNX,1Y,NU," SAR 1,277.81 ",,ECS,C2,13,WIN,1Y,NU," SAR 2,555.95 ",,ECS,C2,13,RH,1Y,NU," SAR 1,990.21 "
14,28,14,ECS,C2,14,LNX,1Y,NU," SAR 1,376.10 ",,ECS,C2,14,WIN,1Y,NU," SAR 2,752.57 ",,ECS,C2,14,RH,1Y,NU," SAR 2,088.50 "
15,30,15,ECS,C2,15,LNX,1Y,NU," SAR 1,474.40 ",,ECS,C2,15,WIN,1Y,NU," SAR 2,949.18 ",,ECS,C2,15,RH,1Y,NU," SAR 2,186.80 "
16,32,16,ECS,C2,16,LNX,1Y,NU," SAR 1,572.69 ",,ECS,C2,16,WIN,1Y,NU," SAR 3,145.79 ",,ECS,C2,16,RH,1Y,NU," SAR 2,285.09 "
17,34,17,ECS,C2,17,LNX,1Y,NU," SAR 1,670.98 ",,ECS,C2,17,WIN,1Y,NU," SAR 3,342.40 ",,ECS,C2,17,RH,1Y,NU," SAR 2,383.38 "
18,36,18,ECS,C2,18,LNX,1Y,NU," SAR 1,769.27 ",,ECS,C2,18,WIN,1Y,NU," SAR 3,539.01 ",,ECS,C2,18,RH,1Y,NU," SAR 2,481.67 "
,,,,,,,,,,,,,,,,,,,,,,,,,,
Specs (1:8),,,FREE LINUX,,,,,,,,WINDOWS,,,,,,,,REDHAT,,,,,,
#,vCPU,RAM,Ser,Typ,Fla,OS,Com,Mod,DETASAD New Monthly List Price,,Ser,Typ,Fla,OS,Com,Mod,DETASAD New Monthly List Price,,Ser,Typ,Fla,OS,Com,Mod,DETASAD New Monthly List Price
1,1,8,ECS,M1,8,LNX,1Y,NU, SAR 119.66 ,,ECS,M1,8,WIN,1Y,NU, SAR 230.38 ,,ECS,M1,8,RH,1Y,NU, SAR 337.90 
2,2,16,ECS,M1,16,LNX,1Y,NU, SAR 239.32 ,,ECS,M1,16,WIN,1Y,NU, SAR 460.75 ,,ECS,M1,16,RH,1Y,NU, SAR 457.56 
3,4,32,ECS,M1,32,LNX,1Y,NU, SAR 478.65 ,,ECS,M1,32,WIN,1Y,NU, SAR 921.50 ,,ECS,M1,32,RH,1Y,NU, SAR 696.89 
4,6,48,ECS,M1,48,LNX,1Y,NU, SAR 717.97 ,,ECS,M1,48,WIN,1Y,NU," SAR 1,382.26 ",,ECS,M1,48,RH,1Y,NU, SAR 936.21 
5,8,64,ECS,M1,64,LNX,1Y,NU, SAR 957.30 ,,ECS,M1,64,WIN,1Y,NU," SAR 1,843.01 ",,ECS,M1,64,RH,1Y,NU," SAR 1,175.54 "
6,10,80,ECS,M1,80,LNX,1Y,NU," SAR 1,196.62 ",,ECS,M1,80,WIN,1Y,NU," SAR 2,303.76 ",,ECS,M1,80,RH,1Y,NU," SAR 1,414.86 "
7,12,96,ECS,M1,96,LNX,1Y,NU," SAR 1,435.95 ",,ECS,M1,96,WIN,1Y,NU," SAR 2,764.51 ",,ECS,M1,96,RH,1Y,NU," SAR 1,654.19 "
8,14,112,ECS,M1,112,LNX,1Y,NU," SAR 1,675.27 ",,ECS,M1,112,WIN,1Y,NU," SAR 3,225.26 ",,ECS,M1,112,RH,1Y,NU," SAR 1,893.51 "
9,16,128,ECS,M1,128,LNX,1Y,NU," SAR 1,914.60 ",,ECS,M1,128,WIN,1Y,NU," SAR 3,686.02 ",,ECS,M1,128,RH,1Y,NU," SAR 2,132.84 "
10,18,144,ECS,M1,144,LNX,1Y,NU," SAR 2,153.92 ",,ECS,M1,144,WIN,1Y,NU," SAR 4,146.77 ",,ECS,M1,144,RH,1Y,NU," SAR 2,636.16 "
,,,,,,,,,,,,,,,,,,,,,,,,,,
,,,,,,,,,,,,,,,,,,,,,,,,,,
Specs (1:4),,,FREE LINUX,,,,,,,,WINDOWS,,,,,,,,REDHAT,,,,,,
#,vCPU,RAM,Ser,Typ,Fla,OS,Com,Mod,DETASAD New Monthly List Price,,Ser,Typ,Fla,OS,Com,Mod,DETASAD New Monthly List Price,,Ser,Typ,Fla,OS,Com,Mod,DETASAD New Monthly List Price
1,1,4,ECS,G1,4,LNX,1Y,PU, SAR 96.16 ,,ECS,G1,4,WIN,1Y,PU, SAR 207.61 ,,ECS,G1,4,RH,1Y,PU, SAR 381.36 
2,2,8,ECS,G1,8,LNX,1Y,PU, SAR 192.33 ,,ECS,G1,8,WIN,1Y,PU, SAR 415.23 ,,ECS,G1,8,RH,1Y,PU, SAR 477.53 
3,4,16,ECS,G1,16,LNX,1Y,PU, SAR 384.65 ,,ECS,G1,16,WIN,1Y,PU, SAR 830.45 ,,ECS,G1,16,RH,1Y,PU, SAR 669.85 
4,6,24,ECS,G1,24,LNX,1Y,PU, SAR 576.98 ,,ECS,G1,24,WIN,1Y,PU," SAR 1,245.68 ",,ECS,G1,24,RH,1Y,PU, SAR 862.18 
5,8,32,ECS,G1,32,LNX,1Y,PU, SAR 769.30 ,,ECS,G1,32,WIN,1Y,PU," SAR 1,660.91 ",,ECS,G1,32,RH,1Y,PU," SAR 1,054.50 "
6,10,40,ECS,G1,40,LNX,1Y,PU, SAR 961.63 ,,ECS,G1,40,WIN,1Y,PU," SAR 2,076.13 ",,ECS,G1,40,RH,1Y,PU," SAR 1,246.83 "
7,12,48,ECS,G1,48,LNX,1Y,PU," SAR 1,153.96 ",,ECS,G1,48,WIN,1Y,PU," SAR 2,491.36 ",,ECS,G1,48,RH,1Y,PU," SAR 1,439.16 "
8,14,56,ECS,G1,56,LNX,1Y,PU," SAR 1,346.28 ",,ECS,G1,56,WIN,1Y,PU," SAR 2,906.58 ",,ECS,G1,56,RH,1Y,PU," SAR 1,631.48 "
9,16,64,ECS,G1,64,LNX,1Y,PU," SAR 1,538.61 ",,ECS,G1,64,WIN,1Y,PU," SAR 3,321.81 ",,ECS,G1,64,RH,1Y,PU," SAR 1,823.81 "
10,18,72,ECS,G1,72,LNX,1Y,PU," SAR 1,730.93 ",,ECS,G1,72,WIN,1Y,PU," SAR 3,737.04 ",,ECS,G1,72,RH,1Y,PU," SAR 2,361.13 "
11,20,80,ECS,G1,80,LNX,1Y,PU," SAR 1,923.26 ",,ECS,G1,80,WIN,1Y,PU," SAR 4,152.26 ",,ECS,G1,80,RH,1Y,PU," SAR 2,553.46 "
12,22,88,ECS,G1,88,LNX,1Y,PU," SAR 2,115.59 ",,ECS,G1,88,WIN,1Y,PU," SAR 4,567.49 ",,ECS,G1,88,RH,1Y,PU," SAR 2,745.79 "
13,24,96,ECS,G1,96,LNX,1Y,PU," SAR 2,307.91 ",,ECS,G1,96,WIN,1Y,PU," SAR 4,982.72 ",,ECS,G1,96,RH,1Y,PU," SAR 2,938.11 "
14,26,104,ECS,G1,104,LNX,1Y,PU," SAR 2,500.24 ",,ECS,G1,104,WIN,1Y,PU," SAR 5,397.94 ",,ECS,G1,104,RH,1Y,PU," SAR 3,130.44 "
15,28,112,ECS,G1,112,LNX,1Y,PU," SAR 2,692.56 ",,ECS,G1,112,WIN,1Y,PU," SAR 5,813.17 ",,ECS,G1,112,RH,1Y,PU," SAR 3,322.76 "
16,30,120,ECS,G1,120,LNX,1Y,PU," SAR 2,884.89 ",,ECS,G1,120,WIN,1Y,PU," SAR 6,228.40 ",,ECS,G1,120,RH,1Y,PU," SAR 3,515.09 "
17,32,128,ECS,G1,128,LNX,1Y,PU," SAR 3,077.22 ",,ECS,G1,128,WIN,1Y,PU," SAR 6,643.62 ",,ECS,G1,128,RH,1Y,PU," SAR 3,707.42 "
,,,,,,,,,,,,,,,,,,,,,,,,,,
Specs (1:2),,,FREE LINUX,,,,,,,,WINDOWS,,,,,,,,REDHAT,,,,,,
#,vCPU,RAM,Ser,Typ,Fla,OS,Com,Mod,DETASAD New Monthly List Price,,Ser,Typ,Fla,OS,Com,Mod,DETASAD New Monthly List Price,,Ser,Typ,Fla,OS,Com,Mod,DETASAD New Monthly List Price
1,1,2,ECS,G2,2,LNX,1Y,PU, SAR 71.23 ,,ECS,G2,2,WIN,1Y,PU, SAR 166.46 ,,ECS,G2,2,RH,1Y,PU, SAR 378.75 
2,2,4,ECS,G2,4,LNX,1Y,PU, SAR 142.45 ,,ECS,G2,4,WIN,1Y,PU, SAR 332.91 ,,ECS,G2,4,RH,1Y,PU, SAR 449.97 
3,4,8,ECS,G2,8,LNX,1Y,PU, SAR 284.90 ,,ECS,G2,8,WIN,1Y,PU, SAR 665.82 ,,ECS,G2,8,RH,1Y,PU, SAR 592.42 
4,6,12,ECS,G2,12,LNX,1Y,PU, SAR 427.35 ,,ECS,G2,12,WIN,1Y,PU, SAR 998.73 ,,ECS,G2,12,RH,1Y,PU, SAR 734.87 
5,8,16,ECS,G2,16,LNX,1Y,PU, SAR 569.80 ,,ECS,G2,16,WIN,1Y,PU," SAR 1,331.64 ",,ECS,G2,16,RH,1Y,PU, SAR 877.32 
6,10,20,ECS,G2,20,LNX,1Y,PU, SAR 712.26 ,,ECS,G2,20,WIN,1Y,PU," SAR 1,664.55 ",,ECS,G2,20,RH,1Y,PU," SAR 1,019.78 "
7,12,24,ECS,G2,24,LNX,1Y,PU, SAR 854.71 ,,ECS,G2,24,WIN,1Y,PU," SAR 1,997.46 ",,ECS,G2,24,RH,1Y,PU," SAR 1,162.23 "
8,14,28,ECS,G2,28,LNX,1Y,PU, SAR 997.16 ,,ECS,G2,28,WIN,1Y,PU," SAR 2,330.37 ",,ECS,G2,28,RH,1Y,PU," SAR 1,304.68 "
9,16,32,ECS,G2,32,LNX,1Y,PU," SAR 1,139.61 ",,ECS,G2,32,WIN,1Y,PU," SAR 2,663.28 ",,ECS,G2,32,RH,1Y,PU," SAR 1,447.13 "
10,18,36,ECS,G2,36,LNX,1Y,PU," SAR 1,282.06 ",,ECS,G2,36,WIN,1Y,PU," SAR 2,996.19 ",,ECS,G2,36,RH,1Y,PU," SAR 1,961.58 "
11,20,40,ECS,G2,40,LNX,1Y,PU," SAR 1,424.51 ",,ECS,G2,40,WIN,1Y,PU," SAR 3,329.10 ",,ECS,G2,40,RH,1Y,PU," SAR 2,104.03 "
12,22,44,ECS,G2,44,LNX,1Y,PU," SAR 1,566.96 ",,ECS,G2,44,WIN,1Y,PU," SAR 3,662.01 ",,ECS,G2,44,RH,1Y,PU," SAR 2,246.48 "
13,24,48,ECS,G2,48,LNX,1Y,PU," SAR 1,709.41 ",,ECS,G2,48,WIN,1Y,PU," SAR 3,994.92 ",,ECS,G2,48,RH,1Y,PU," SAR 2,388.93 "
14,26,52,ECS,G2,52,LNX,1Y,PU," SAR 1,851.87 ",,ECS,G2,52,WIN,1Y,PU," SAR 4,327.84 ",,ECS,G2,52,RH,1Y,PU," SAR 2,531.39 "
15,28,56,ECS,G2,56,LNX,1Y,PU," SAR 1,994.32 ",,ECS,G2,56,WIN,1Y,PU," SAR 4,660.75 ",,ECS,G2,56,RH,1Y,PU," SAR 2,673.84 "
16,30,60,ECS,G2,60,LNX,1Y,PU," SAR 2,136.77 ",,ECS,G2,60,WIN,1Y,PU," SAR 4,993.66 ",,ECS,G2,60,RH,1Y,PU," SAR 2,816.29 "
17,32,64,ECS,G2,64,LNX,1Y,PU," SAR 2,279.22 ",,ECS,G2,64,WIN,1Y,PU," SAR 5,326.57 ",,ECS,G2,64,RH,1Y,PU," SAR 2,958.74 "
,,,,,,,,,,,,,,,,,,,,,,,,,,
Specs (1:1),,,FREE LINUX,,,,,,,,WINDOWS,,,,,,,,REDHAT,,,,,,
#,vCPU,RAM,Ser,Typ,Fla,OS,Com,Mod,DETASAD New Monthly List Price,,Ser,Typ,Fla,OS,Com,Mod,DETASAD New Monthly List Price,,Ser,Typ,Fla,OS,Com,Mod,DETASAD New Monthly List Price
1,1,1,ECS,C1,1,LNX,1Y,PU, SAR 54.99 ,,ECS,C1,1,WIN,1Y,PU, SAR 119.65 ,,ECS,C1,1,RH,1Y,PU, SAR 362.51 
2,2,2,ECS,C1,2,LNX,1Y,PU, SAR 109.99 ,,ECS,C1,2,WIN,1Y,PU, SAR 239.29 ,,ECS,C1,2,RH,1Y,PU, SAR 417.51 
3,4,4,ECS,C1,4,LNX,1Y,PU, SAR 219.98 ,,ECS,C1,4,WIN,1Y,PU, SAR 478.58 ,,ECS,C1,4,RH,1Y,PU, SAR 527.50 
4,6,6,ECS,C1,6,LNX,1Y,PU, SAR 329.96 ,,ECS,C1,6,WIN,1Y,PU, SAR 717.87 ,,ECS,C1,6,RH,1Y,PU, SAR 637.48 
5,8,8,ECS,C1,8,LNX,1Y,PU, SAR 439.95 ,,ECS,C1,8,WIN,1Y,PU, SAR 957.16 ,,ECS,C1,8,RH,1Y,PU, SAR 747.47 
6,10,10,ECS,C1,10,LNX,1Y,PU, SAR 549.94 ,,ECS,C1,10,WIN,1Y,PU," SAR 1,196.46 ",,ECS,C1,10,RH,1Y,PU, SAR 857.46 
7,12,12,ECS,C1,12,LNX,1Y,PU, SAR 659.93 ,,ECS,C1,12,WIN,1Y,PU," SAR 1,435.75 ",,ECS,C1,12,RH,1Y,PU, SAR 967.45 
8,14,14,ECS,C1,14,LNX,1Y,PU, SAR 769.92 ,,ECS,C1,14,WIN,1Y,PU," SAR 1,675.04 ",,ECS,C1,14,RH,1Y,PU," SAR 1,077.44 "
9,16,16,ECS,C1,16,LNX,1Y,PU, SAR 879.90 ,,ECS,C1,16,WIN,1Y,PU," SAR 1,914.33 ",,ECS,C1,16,RH,1Y,PU," SAR 1,187.42 "
10,18,18,ECS,C1,18,LNX,1Y,PU, SAR 989.89 ,,ECS,C1,18,WIN,1Y,PU," SAR 2,153.62 ",,ECS,C1,18,RH,1Y,PU," SAR 1,669.41 "
11,20,20,ECS,C1,20,LNX,1Y,PU," SAR 1,099.88 ",,ECS,C1,20,WIN,1Y,PU," SAR 2,392.91 ",,ECS,C1,20,RH,1Y,PU," SAR 1,779.40 "
12,22,22,ECS,C1,22,LNX,1Y,PU," SAR 1,209.87 ",,ECS,C1,22,WIN,1Y,PU," SAR 2,632.20 ",,ECS,C1,22,RH,1Y,PU," SAR 1,889.39 "
13,24,24,ECS,C1,24,LNX,1Y,PU," SAR 1,319.86 ",,ECS,C1,24,WIN,1Y,PU," SAR 2,871.49 ",,ECS,C1,24,RH,1Y,PU," SAR 1,999.38 "
14,26,26,ECS,C1,26,LNX,1Y,PU," SAR 1,429.84 ",,ECS,C1,26,WIN,1Y,PU," SAR 3,110.78 ",,ECS,C1,26,RH,1Y,PU," SAR 2,109.36 "
15,28,28,ECS,C1,28,LNX,1Y,PU," SAR 1,539.83 ",,ECS,C1,28,WIN,1Y,PU," SAR 3,350.07 ",,ECS,C1,28,RH,1Y,PU," SAR 2,219.35 "
16,30,30,ECS,C1,30,LNX,1Y,PU," SAR 1,649.82 ",,ECS,C1,30,WIN,1Y,PU," SAR 3,589.37 ",,ECS,C1,30,RH,1Y,PU," SAR 2,329.34 "
17,32,32,ECS,C1,32,LNX,1Y,PU," SAR 1,759.81 ",,ECS,C1,32,WIN,1Y,PU," SAR 3,828.66 ",,ECS,C1,32,RH,1Y,PU," SAR 2,439.33 "
18,64,64,ECS,C1,64,LNX,1Y,PU," SAR 3,519.62 ",,ECS,C1,64,WIN,1Y,PU," SAR 7,657.31 ",,ECS,C1,64,RH,1Y,PU," SAR 4,199.14 "
19,128,128,ECS,C1,128,LNX,1Y,PU," SAR 7,039.23 ",,ECS,C1,128,WIN,1Y,PU," SAR 15,314.62 ",,ECS,C1,128,RH,1Y,PU," SAR 7,718.75 "
,,,,,,,,,,,,,,,,,,,,,,,,,,
Specs (1:0.5),,,FREE LINUX,,,,,,,,WINDOWS,,,,,,,,REDHAT,,,,,,
#,vCPU,RAM,Ser,Typ,Fla,OS,Com,Mod,DETASAD New Monthly List Price,,Ser,Typ,Fla,OS,Com,Mod,DETASAD New Monthly List Price,,Ser,Typ,Fla,OS,Com,Mod,DETASAD New Monthly List Price
1,2,1,ECS,C2,1,LNX,1Y,PU, SAR 93.76 ,,ECS,C2,1,WIN,1Y,PU, SAR 192.48 ,,ECS,C2,1,RH,1Y,PU, SAR 401.28 
2,4,2,ECS,C2,2,LNX,1Y,PU, SAR 187.51 ,,ECS,C2,2,WIN,1Y,PU, SAR 384.96 ,,ECS,C2,2,RH,1Y,PU, SAR 495.03 
3,6,3,ECS,C2,3,LNX,1Y,PU, SAR 281.27 ,,ECS,C2,3,WIN,1Y,PU, SAR 577.44 ,,ECS,C2,3,RH,1Y,PU, SAR 588.79 
4,8,4,ECS,C2,4,LNX,1Y,PU, SAR 375.03 ,,ECS,C2,4,WIN,1Y,PU, SAR 769.93 ,,ECS,C2,4,RH,1Y,PU, SAR 682.55 
5,10,5,ECS,C2,5,LNX,1Y,PU, SAR 468.78 ,,ECS,C2,5,WIN,1Y,PU, SAR 962.41 ,,ECS,C2,5,RH,1Y,PU, SAR 776.30 
6,12,6,ECS,C2,6,LNX,1Y,PU, SAR 562.54 ,,ECS,C2,6,WIN,1Y,PU," SAR 1,154.89 ",,ECS,C2,6,RH,1Y,PU, SAR 870.06 
7,14,7,ECS,C2,7,LNX,1Y,PU, SAR 656.29 ,,ECS,C2,7,WIN,1Y,PU," SAR 1,347.37 ",,ECS,C2,7,RH,1Y,PU, SAR 963.81 
8,16,8,ECS,C2,8,LNX,1Y,PU, SAR 750.05 ,,ECS,C2,8,WIN,1Y,PU," SAR 1,539.85 ",,ECS,C2,8,RH,1Y,PU," SAR 1,057.57 "
9,18,9,ECS,C2,9,LNX,1Y,PU, SAR 843.81 ,,ECS,C2,9,WIN,1Y,PU," SAR 1,732.33 ",,ECS,C2,9,RH,1Y,PU," SAR 1,523.33 "
10,20,10,ECS,C2,10,LNX,1Y,PU, SAR 937.56 ,,ECS,C2,10,WIN,1Y,PU," SAR 1,924.81 ",,ECS,C2,10,RH,1Y,PU," SAR 1,617.08 "
11,22,11,ECS,C2,11,LNX,1Y,PU," SAR 1,031.32 ",,ECS,C2,11,WIN,1Y,PU," SAR 2,117.29 ",,ECS,C2,11,RH,1Y,PU," SAR 1,710.84 "
12,24,12,ECS,C2,12,LNX,1Y,PU," SAR 1,125.08 ",,ECS,C2,12,WIN,1Y,PU," SAR 2,309.78 ",,ECS,C2,12,RH,1Y,PU," SAR 1,804.60 "
13,26,13,ECS,C2,13,LNX,1Y,PU," SAR 1,218.83 ",,ECS,C2,13,WIN,1Y,PU," SAR 2,502.26 ",,ECS,C2,13,RH,1Y,PU," SAR 1,898.35 "
14,28,14,ECS,C2,14,LNX,1Y,PU," SAR 1,312.59 ",,ECS,C2,14,WIN,1Y,PU," SAR 2,694.74 ",,ECS,C2,14,RH,1Y,PU," SAR 1,992.11 "
15,30,15,ECS,C2,15,LNX,1Y,PU," SAR 1,406.35 ",,ECS,C2,15,WIN,1Y,PU," SAR 2,887.22 ",,ECS,C2,15,RH,1Y,PU," SAR 2,085.87 "
16,32,16,ECS,C2,16,LNX,1Y,PU," SAR 1,500.10 ",,ECS,C2,16,WIN,1Y,PU," SAR 3,079.70 ",,ECS,C2,16,RH,1Y,PU," SAR 2,179.62 "
17,34,17,ECS,C2,17,LNX,1Y,PU," SAR 1,593.86 ",,ECS,C2,17,WIN,1Y,PU," SAR 3,272.18 ",,ECS,C2,17,RH,1Y,PU," SAR 2,273.38 "
18,36,18,ECS,C2,18,LNX,1Y,PU," SAR 1,687.62 ",,ECS,C2,18,WIN,1Y,PU," SAR 3,464.66 ",,ECS,C2,18,RH,1Y,PU," SAR 2,367.14 "
,,,,,,,,,,,,,,,,,,,,,,,,,,
Specs (1:8),,,FREE LINUX,,,,,,,,WINDOWS,,,,,,,,REDHAT,,,,,,
#,vCPU,RAM,Ser,Typ,Fla,OS,Com,Mod,DETASAD New Monthly List Price,,Ser,Typ,Fla,OS,Com,Mod,DETASAD New Monthly List Price,,Ser,Typ,Fla,OS,Com,Mod,DETASAD New Monthly List Price
1,1,8,ECS,M1,8,LNX,1Y,PU, SAR 112.86 ,,ECS,M1,8,WIN,1Y,PU, SAR 224.62 ,,ECS,M1,8,RH,1Y,PU, SAR 318.70 
2,2,16,ECS,M1,16,LNX,1Y,PU, SAR 225.73 ,,ECS,M1,16,WIN,1Y,PU, SAR 449.23 ,,ECS,M1,16,RH,1Y,PU, SAR 431.57 
3,4,32,ECS,M1,32,LNX,1Y,PU, SAR 451.45 ,,ECS,M1,32,WIN,1Y,PU, SAR 898.47 ,,ECS,M1,32,RH,1Y,PU, SAR 657.29 
4,6,48,ECS,M1,48,LNX,1Y,PU, SAR 677.18 ,,ECS,M1,48,WIN,1Y,PU," SAR 1,347.70 ",,ECS,M1,48,RH,1Y,PU, SAR 883.02 
5,8,64,ECS,M1,64,LNX,1Y,PU, SAR 902.91 ,,ECS,M1,64,WIN,1Y,PU," SAR 1,796.93 ",,ECS,M1,64,RH,1Y,PU," SAR 1,108.75 "
6,10,80,ECS,M1,80,LNX,1Y,PU," SAR 1,128.63 ",,ECS,M1,80,WIN,1Y,PU," SAR 2,246.17 ",,ECS,M1,80,RH,1Y,PU," SAR 1,334.47 "
7,12,96,ECS,M1,96,LNX,1Y,PU," SAR 1,354.36 ",,ECS,M1,96,WIN,1Y,PU," SAR 2,695.40 ",,ECS,M1,96,RH,1Y,PU," SAR 1,560.20 "
8,14,112,ECS,M1,112,LNX,1Y,PU," SAR 1,580.09 ",,ECS,M1,112,WIN,1Y,PU," SAR 3,144.63 ",,ECS,M1,112,RH,1Y,PU," SAR 1,785.93 "
9,16,128,ECS,M1,128,LNX,1Y,PU," SAR 1,805.81 ",,ECS,M1,128,WIN,1Y,PU," SAR 3,593.87 ",,ECS,M1,128,RH,1Y,PU," SAR 2,011.65 "
10,18,144,ECS,M1,144,LNX,1Y,PU," SAR 2,031.54 ",,ECS,M1,144,WIN,1Y,PU," SAR 4,043.10 ",,ECS,M1,144,RH,1Y,PU," SAR 2,486.38 "
,,,,,,,,,,,,,,,,,,,,,,,,,,
,,,,,,,,,,,,,,,,,,,,,,,,,,
Specs (1:4),,,FREE LINUX,,,,,,,,WINDOWS,,,,,,,,REDHAT,,,,,,
#,vCPU,RAM,Ser,Typ,Fla,OS,Com,Mod,DETASAD New Monthly List Price,,Ser,Typ,Fla,OS,Com,Mod,DETASAD New Monthly List Price,,Ser,Typ,Fla,OS,Com,Mod,DETASAD New Monthly List Price
1,1,4,ECS,G1,4,LNX,1Y,FU, SAR 93.65 ,,ECS,G1,4,WIN,1Y,FU, SAR 205.38 ,,ECS,G1,4,RH,1Y,FU, SAR 371.41 
2,2,8,ECS,G1,8,LNX,1Y,FU, SAR 187.31 ,,ECS,G1,8,WIN,1Y,FU, SAR 410.76 ,,ECS,G1,8,RH,1Y,FU, SAR 465.07 
3,4,16,ECS,G1,16,LNX,1Y,FU, SAR 374.62 ,,ECS,G1,16,WIN,1Y,FU, SAR 821.52 ,,ECS,G1,16,RH,1Y,FU, SAR 652.38 
4,6,24,ECS,G1,24,LNX,1Y,FU, SAR 561.93 ,,ECS,G1,24,WIN,1Y,FU," SAR 1,232.28 ",,ECS,G1,24,RH,1Y,FU, SAR 839.69 
5,8,32,ECS,G1,32,LNX,1Y,FU, SAR 749.24 ,,ECS,G1,32,WIN,1Y,FU," SAR 1,643.05 ",,ECS,G1,32,RH,1Y,FU," SAR 1,027.00 "
6,10,40,ECS,G1,40,LNX,1Y,FU, SAR 936.54 ,,ECS,G1,40,WIN,1Y,FU," SAR 2,053.81 ",,ECS,G1,40,RH,1Y,FU," SAR 1,214.30 "
7,12,48,ECS,G1,48,LNX,1Y,FU," SAR 1,123.85 ",,ECS,G1,48,WIN,1Y,FU," SAR 2,464.57 ",,ECS,G1,48,RH,1Y,FU," SAR 1,401.61 "
8,14,56,ECS,G1,56,LNX,1Y,FU," SAR 1,311.16 ",,ECS,G1,56,WIN,1Y,FU," SAR 2,875.33 ",,ECS,G1,56,RH,1Y,FU," SAR 1,588.92 "
9,16,64,ECS,G1,64,LNX,1Y,FU," SAR 1,498.47 ",,ECS,G1,64,WIN,1Y,FU," SAR 3,286.09 ",,ECS,G1,64,RH,1Y,FU," SAR 1,776.23 "
10,18,72,ECS,G1,72,LNX,1Y,FU," SAR 1,685.78 ",,ECS,G1,72,WIN,1Y,FU," SAR 3,696.85 ",,ECS,G1,72,RH,1Y,FU," SAR 2,299.54 "
11,20,80,ECS,G1,80,LNX,1Y,FU," SAR 1,873.09 ",,ECS,G1,80,WIN,1Y,FU," SAR 4,107.62 ",,ECS,G1,80,RH,1Y,FU," SAR 2,486.85 "
12,22,88,ECS,G1,88,LNX,1Y,FU," SAR 2,060.40 ",,ECS,G1,88,WIN,1Y,FU," SAR 4,518.38 ",,ECS,G1,88,RH,1Y,FU," SAR 2,674.16 "
13,24,96,ECS,G1,96,LNX,1Y,FU," SAR 2,247.71 ",,ECS,G1,96,WIN,1Y,FU," SAR 4,929.14 ",,ECS,G1,96,RH,1Y,FU," SAR 2,861.47 "
14,26,104,ECS,G1,104,LNX,1Y,FU," SAR 2,435.01 ",,ECS,G1,104,WIN,1Y,FU," SAR 5,339.90 ",,ECS,G1,104,RH,1Y,FU," SAR 3,048.77 "
15,28,112,ECS,G1,112,LNX,1Y,FU," SAR 2,622.32 ",,ECS,G1,112,WIN,1Y,FU," SAR 5,750.66 ",,ECS,G1,112,RH,1Y,FU," SAR 3,236.08 "
16,30,120,ECS,G1,120,LNX,1Y,FU," SAR 2,809.63 ",,ECS,G1,120,WIN,1Y,FU," SAR 6,161.42 ",,ECS,G1,120,RH,1Y,FU," SAR 3,423.39 "
17,32,128,ECS,G1,128,LNX,1Y,FU," SAR 2,996.94 ",,ECS,G1,128,WIN,1Y,FU," SAR 6,572.19 ",,ECS,GI,128,RH,1Y,FU," SAR 3,610.70 "
,,,,,,,,,,,,,,,,,,,,,,,,,,
Specs (1:2),,,FREE LINUX,,,,,,,,WINDOWS,,,,,,,,REDHAT,,,,,,
#,vCPU,RAM,Ser,Typ,Fla,OS,Com,Mod,DETASAD New Monthly List Price,,Ser,Typ,Fla,OS,Com,Mod,DETASAD New Monthly List Price,,Ser,Typ,Fla,OS,Com,Mod,DETASAD New Monthly List Price
1,1,2,ECS,G2,2,LNX,1Y,FU, SAR 70.08 ,,ECS,G2,2,WIN,1Y,FU, SAR 163.60 ,,ECS,G2,2,RH,1Y,FU, SAR 372.64 
2,2,4,ECS,G2,4,LNX,1Y,FU, SAR 140.15 ,,ECS,G2,4,WIN,1Y,FU, SAR 327.20 ,,ECS,G2,4,RH,1Y,FU, SAR 442.71 
3,4,8,ECS,G2,8,LNX,1Y,FU, SAR 280.31 ,,ECS,G2,8,WIN,1Y,FU, SAR 654.39 ,,ECS,G2,8,RH,1Y,FU, SAR 582.87 
4,6,12,ECS,G2,12,LNX,1Y,FU, SAR 420.46 ,,ECS,G2,12,WIN,1Y,FU, SAR 981.59 ,,ECS,G2,12,RH,1Y,FU, SAR 723.02 
5,8,16,ECS,G2,16,LNX,1Y,FU, SAR 560.61 ,,ECS,G2,16,WIN,1Y,FU," SAR 1,308.78 ",,ECS,G2,16,RH,1Y,FU, SAR 863.17 
6,10,20,ECS,G2,20,LNX,1Y,FU, SAR 700.77 ,,ECS,G2,20,WIN,1Y,FU," SAR 1,635.98 ",,ECS,G2,20,RH,1Y,FU," SAR 1,003.33 "
7,12,24,ECS,G2,24,LNX,1Y,FU, SAR 840.92 ,,ECS,G2,24,WIN,1Y,FU," SAR 1,963.17 ",,ECS,G2,24,RH,1Y,FU," SAR 1,143.48 "
8,14,28,ECS,G2,28,LNX,1Y,FU, SAR 981.08 ,,ECS,G2,28,WIN,1Y,FU," SAR 2,290.37 ",,ECS,G2,28,RH,1Y,FU," SAR 1,283.64 "
9,16,32,ECS,G2,32,LNX,1Y,FU," SAR 1,121.23 ",,ECS,G2,32,WIN,1Y,FU," SAR 2,617.56 ",,ECS,G2,32,RH,1Y,FU," SAR 1,423.79 "
10,18,36,ECS,G2,36,LNX,1Y,FU," SAR 1,261.38 ",,ECS,G2,36,WIN,1Y,FU," SAR 2,944.76 ",,ECS,G2,36,RH,1Y,FU," SAR 1,929.94 "
11,20,40,ECS,G2,40,LNX,1Y,FU," SAR 1,401.54 ",,ECS,G2,40,WIN,1Y,FU," SAR 3,271.95 ",,ECS,G2,40,RH,1Y,FU," SAR 2,070.10 "
12,22,44,ECS,G2,44,LNX,1Y,FU," SAR 1,541.69 ",,ECS,G2,44,WIN,1Y,FU," SAR 3,599.15 ",,ECS,G2,44,RH,1Y,FU," SAR 2,210.25 "
13,24,48,ECS,G2,48,LNX,1Y,FU," SAR 1,681.84 ",,ECS,G2,48,WIN,1Y,FU," SAR 3,926.34 ",,ECS,G2,48,RH,1Y,FU," SAR 2,350.40 "
14,26,52,ECS,G2,52,LNX,1Y,FU," SAR 1,822.00 ",,ECS,G2,52,WIN,1Y,FU," SAR 4,253.54 ",,ECS,G2,52,RH,1Y,FU," SAR 2,490.56 "
15,28,56,ECS,G2,56,LNX,1Y,FU," SAR 1,962.15 ",,ECS,G2,56,WIN,1Y,FU," SAR 4,580.73 ",,ECS,G2,56,RH,1Y,FU," SAR 2,630.71 "
16,30,60,ECS,G2,60,LNX,1Y,FU," SAR 2,102.30 ",,ECS,G2,60,WIN,1Y,FU," SAR 4,907.93 ",,ECS,G2,60,RH,1Y,FU," SAR 2,770.86 "
17,32,64,ECS,G2,64,LNX,1Y,FU," SAR 2,242.46 ",,ECS,G2,64,WIN,1Y,FU," SAR 5,235.12 ",,ECS,G2,64,RH,1Y,FU," SAR 2,911.02 "
,,,,,,,,,,,,,,,,,,,,,,,,,,
Specs (1:1),,,FREE LINUX,,,,,,,,WINDOWS,,,,,,,,REDHAT,,,,,,
#,vCPU,RAM,Ser,Typ,Fla,OS,Com,Mod,DETASAD New Monthly List Price,,Ser,Typ,Fla,OS,Com,Mod,DETASAD New Monthly List Price,,Ser,Typ,Fla,OS,Com,Mod,DETASAD New Monthly List Price
1,1,1,ECS,C1,1,LNX,1Y,FU, SAR 54.11 ,,ECS,C1,1,WIN,1Y,FU, SAR 117.59 ,,ECS,C1,1,RH,1Y,FU, SAR 356.67 
2,2,2,ECS,C1,2,LNX,1Y,FU, SAR 108.21 ,,ECS,C1,2,WIN,1Y,FU, SAR 235.18 ,,ECS,C1,2,RH,1Y,FU, SAR 410.77 
3,4,4,ECS,C1,4,LNX,1Y,FU, SAR 216.43 ,,ECS,C1,4,WIN,1Y,FU, SAR 470.37 ,,ECS,C1,4,RH,1Y,FU, SAR 518.99 
4,6,6,ECS,C1,6,LNX,1Y,FU, SAR 324.64 ,,ECS,C1,6,WIN,1Y,FU, SAR 705.55 ,,ECS,C1,6,RH,1Y,FU, SAR 627.20 
5,8,8,ECS,C1,8,LNX,1Y,FU, SAR 432.86 ,,ECS,C1,8,WIN,1Y,FU, SAR 940.73 ,,ECS,C1,8,RH,1Y,FU, SAR 735.42 
6,10,10,ECS,C1,10,LNX,1Y,FU, SAR 541.07 ,,ECS,C1,10,WIN,1Y,FU," SAR 1,175.92 ",,ECS,C1,10,RH,1Y,FU, SAR 843.63 
7,12,12,ECS,C1,12,LNX,1Y,FU, SAR 649.28 ,,ECS,C1,12,WIN,1Y,FU," SAR 1,411.10 ",,ECS,C1,12,RH,1Y,FU, SAR 951.84 
8,14,14,ECS,C1,14,LNX,1Y,FU, SAR 757.50 ,,ECS,C1,14,WIN,1Y,FU," SAR 1,646.28 ",,ECS,C1,14,RH,1Y,FU," SAR 1,060.06 "
9,16,16,ECS,C1,16,LNX,1Y,FU, SAR 865.71 ,,ECS,C1,16,WIN,1Y,FU," SAR 1,881.46 ",,ECS,C1,16,RH,1Y,FU," SAR 1,168.27 "
10,18,18,ECS,C1,18,LNX,1Y,FU, SAR 973.93 ,,ECS,C1,18,WIN,1Y,FU," SAR 2,116.65 ",,ECS,C1,18,RH,1Y,FU," SAR 1,642.49 "
11,20,20,ECS,C1,20,LNX,1Y,FU," SAR 1,082.14 ",,ECS,C1,20,WIN,1Y,FU," SAR 2,351.83 ",,ECS,C1,20,RH,1Y,FU," SAR 1,750.70 "
12,22,22,ECS,C1,22,LNX,1Y,FU," SAR 1,190.35 ",,ECS,C1,22,WIN,1Y,FU," SAR 2,587.01 ",,ECS,C1,22,RH,1Y,FU," SAR 1,858.91 "
13,24,24,ECS,C1,24,LNX,1Y,FU," SAR 1,298.57 ",,ECS,C1,24,WIN,1Y,FU," SAR 2,822.20 ",,ECS,C1,24,RH,1Y,FU," SAR 1,967.13 "
14,26,26,ECS,C1,26,LNX,1Y,FU," SAR 1,406.78 ",,ECS,C1,26,WIN,1Y,FU," SAR 3,057.38 ",,ECS,C1,26,RH,1Y,FU," SAR 2,075.34 "
15,28,28,ECS,C1,28,LNX,1Y,FU," SAR 1,515.00 ",,ECS,C1,28,WIN,1Y,FU," SAR 3,292.56 ",,ECS,C1,28,RH,1Y,FU," SAR 2,183.56 "
16,30,30,ECS,C1,30,LNX,1Y,FU," SAR 1,623.21 ",,ECS,C1,30,WIN,1Y,FU," SAR 3,527.75 ",,ECS,C1,30,RH,1Y,FU," SAR 2,291.77 "
17,32,32,ECS,C1,32,LNX,1Y,FU," SAR 1,731.42 ",,ECS,C1,32,WIN,1Y,FU," SAR 3,762.93 ",,ECS,C1,32,RH,1Y,FU," SAR 2,399.98 "
18,64,64,ECS,C1,64,LNX,1Y,FU," SAR 3,462.85 ",,ECS,C1,64,WIN,1Y,FU," SAR 7,525.86 ",,ECS,C1,64,RH,1Y,FU," SAR 4,131.41 "
19,128,128,ECS,C1,128,LNX,1Y,FU," SAR 6,925.70 ",,ECS,C1,128,WIN,1Y,FU," SAR 15,051.71 ",,ECS,C1,128,RH,1Y,FU," SAR 7,594.26 "
,,,,,,,,,,,,,,,,,,,,,,,,,,
Specs (1:0.5),,,FREE LINUX,,,,,,,,WINDOWS,,,,,,,,REDHAT,,,,,,
#,vCPU,RAM,Ser,Typ,Fla,OS,Com,Mod,DETASAD New Monthly List Price,,Ser,Typ,Fla,OS,Com,Mod,DETASAD New Monthly List Price,,Ser,Typ,Fla,OS,Com,Mod,DETASAD New Monthly List Price
1,2,1,ECS,C2,1,LNX,1Y,FU, SAR 92.24 ,,ECS,C2,1,WIN,1Y,FU, SAR 189.18 ,,ECS,C2,1,RH,1Y,FU, SAR 394.80 
2,4,2,ECS,C2,2,LNX,1Y,FU, SAR 184.49 ,,ECS,C2,2,WIN,1Y,FU, SAR 378.35 ,,ECS,C2,2,RH,1Y,FU, SAR 487.05 
3,6,3,ECS,C2,3,LNX,1Y,FU, SAR 276.73 ,,ECS,C2,3,WIN,1Y,FU, SAR 567.53 ,,ECS,C2,3,RH,1Y,FU, SAR 579.29 
4,8,4,ECS,C2,4,LNX,1Y,FU, SAR 368.98 ,,ECS,C2,4,WIN,1Y,FU, SAR 756.71 ,,ECS,C2,4,RH,1Y,FU, SAR 671.54 
5,10,5,ECS,C2,5,LNX,1Y,FU, SAR 461.22 ,,ECS,C2,5,WIN,1Y,FU, SAR 945.88 ,,ECS,C2,5,RH,1Y,FU, SAR 763.78 
6,12,6,ECS,C2,6,LNX,1Y,FU, SAR 553.47 ,,ECS,C2,6,WIN,1Y,FU," SAR 1,135.06 ",,ECS,C2,6,RH,1Y,FU, SAR 856.03 
7,14,7,ECS,C2,7,LNX,1Y,FU, SAR 645.71 ,,ECS,C2,7,WIN,1Y,FU," SAR 1,324.24 ",,ECS,C2,7,RH,1Y,FU, SAR 948.27 
8,16,8,ECS,C2,8,LNX,1Y,FU, SAR 737.95 ,,ECS,C2,8,WIN,1Y,FU," SAR 1,513.42 ",,ECS,C2,8,RH,1Y,FU," SAR 1,040.51 "
9,18,9,ECS,C2,9,LNX,1Y,FU, SAR 830.20 ,,ECS,C2,9,WIN,1Y,FU," SAR 1,702.59 ",,ECS,C2,9,RH,1Y,FU," SAR 1,498.76 "
10,20,10,ECS,C2,10,LNX,1Y,FU, SAR 922.44 ,,ECS,C2,10,WIN,1Y,FU," SAR 1,891.77 ",,ECS,C2,10,RH,1Y,FU," SAR 1,591.00 "
11,22,11,ECS,C2,11,LNX,1Y,FU," SAR 1,014.69 ",,ECS,C2,11,WIN,1Y,FU," SAR 2,080.95 ",,ECS,C2,11,RH,1Y,FU," SAR 1,683.25 "
12,24,12,ECS,C2,12,LNX,1Y,FU," SAR 1,106.93 ",,ECS,C2,12,WIN,1Y,FU," SAR 2,270.12 ",,ECS,C2,12,RH,1Y,FU," SAR 1,775.49 "
13,26,13,ECS,C2,13,LNX,1Y,FU," SAR 1,199.17 ",,ECS,C2,13,WIN,1Y,FU," SAR 2,459.30 ",,ECS,C2,13,RH,1Y,FU," SAR 1,867.73 "
14,28,14,ECS,C2,14,LNX,1Y,FU," SAR 1,291.42 ",,ECS,C2,14,WIN,1Y,FU," SAR 2,648.48 ",,ECS,C2,14,RH,1Y,FU," SAR 1,959.98 "
15,30,15,ECS,C2,15,LNX,1Y,FU," SAR 1,383.66 ",,ECS,C2,15,WIN,1Y,FU," SAR 2,837.65 ",,ECS,C2,15,RH,1Y,FU," SAR 2,052.22 "
16,32,16,ECS,C2,16,LNX,1Y,FU," SAR 1,475.91 ",,ECS,C2,16,WIN,1Y,FU," SAR 3,026.83 ",,ECS,C2,16,RH,1Y,FU," SAR 2,144.47 "
17,34,17,ECS,C2,17,LNX,1Y,FU," SAR 1,568.15 ",,ECS,C2,17,WIN,1Y,FU," SAR 3,216.01 ",,ECS,C2,17,RH,1Y,FU," SAR 2,236.71 "
18,36,18,ECS,C2,18,LNX,1Y,FU," SAR 1,660.40 ",,ECS,C2,18,WIN,1Y,FU," SAR 3,405.18 ",,ECS,C2,18,RH,1Y,FU," SAR 2,328.96 "
,,,,,,,,,,,,,,,,,,,,,,,,,,
Specs (1:8),,,FREE LINUX,,,,,,,,WINDOWS,,,,,,,,REDHAT,,,,,,
#,vCPU,RAM,Ser,Typ,Fla,OS,Com,Mod,DETASAD New Monthly List Price,,Ser,Typ,Fla,OS,Com,Mod,DETASAD New Monthly List Price,,Ser,Typ,Fla,OS,Com,Mod,DETASAD New Monthly List Price
1,1,8,ECS,M1,8,LNX,1Y,FU, SAR 111.50 ,,ECS,M1,8,WIN,1Y,FU, SAR 222.70 ,,ECS,M1,8,RH,1Y,FU, SAR 314.86 
2,2,16,ECS,M1,16,LNX,1Y,FU, SAR 223.01 ,,ECS,M1,16,WIN,1Y,FU, SAR 445.39 ,,ECS,M1,16,RH,1Y,FU, SAR 426.37 
3,4,32,ECS,M1,32,LNX,1Y,FU, SAR 446.01 ,,ECS,M1,32,WIN,1Y,FU, SAR 890.79 ,,ECS,M1,32,RH,1Y,FU, SAR 649.37 
4,6,48,ECS,M1,48,LNX,1Y,FU, SAR 669.02 ,,ECS,M1,48,WIN,1Y,FU," SAR 1,336.18 ",,ECS,M1,48,RH,1Y,FU, SAR 872.38 
5,8,64,ECS,M1,64,LNX,1Y,FU, SAR 892.03 ,,ECS,M1,64,WIN,1Y,FU," SAR 1,781.57 ",,ECS,M1,64,RH,1Y,FU," SAR 1,095.39 "
6,10,80,ECS,M1,80,LNX,1Y,FU," SAR 1,115.04 ",,ECS,M1,80,WIN,1Y,FU," SAR 2,226.97 ",,ECS,M1,80,RH,1Y,FU," SAR 1,318.40 "
7,12,96,ECS,M1,96,LNX,1Y,FU," SAR 1,338.04 ",,ECS,M1,96,WIN,1Y,FU," SAR 2,672.36 ",,ECS,M1,96,RH,1Y,FU," SAR 1,541.40 "
8,14,112,ECS,M1,112,LNX,1Y,FU," SAR 1,561.05 ",,ECS,M1,112,WIN,1Y,FU," SAR 3,117.76 ",,ECS,M1,112,RH,1Y,FU," SAR 1,764.41 "
9,16,128,ECS,M1,128,LNX,1Y,FU," SAR 1,784.06 ",,ECS,M1,128,WIN,1Y,FU," SAR 3,563.15 ",,ECS,M1,128,RH,1Y,FU," SAR 1,987.42 "
10,18,144,ECS,M1,144,LNX,1Y,FU," SAR 2,007.06 ",,ECS,M1,144,WIN,1Y,FU," SAR 4,008.54 ",,ECS,M1,144,RH,1Y,FU," SAR 2,456.42 "
,,,,,,,,,,,,,,,,,,,,,,,,,,
,,,,,,,,,,,,,,,,,,,,,,,,,,
Specs (1:4),,,FREE LINUX,,,,,,,,WINDOWS,,,,,,,,REDHAT,,,,,,
#,vCPU,RAM,Ser,Typ,Fla,OS,Com,Mod,DETASAD New Monthly List Price,,Ser,Typ,Fla,OS,Com,Mod,DETASAD New Monthly List Price,,Ser,Typ,Fla,OS,Com,Mod,DETASAD New Monthly List Price
1,1,4,ECS,G1,4,LNX,3Y,NU, SAR 71.08 ,,ECS,G1,4,WIN,3Y,NU, SAR 184.17 ,,ECS,G1,4,RH,3Y,NU, SAR 281.88 
2,2,8,ECS,G1,8,LNX,3Y,NU, SAR 142.15 ,,ECS,G1,8,WIN,3Y,NU, SAR 368.35 ,,ECS,G1,8,RH,3Y,NU, SAR 352.95 
3,4,16,ECS,G1,16,LNX,3Y,NU, SAR 284.31 ,,ECS,G1,16,WIN,3Y,NU, SAR 736.69 ,,ECS,G1,16,RH,3Y,NU, SAR 495.11 
4,6,24,ECS,G1,24,LNX,3Y,NU, SAR 426.46 ,,ECS,G1,24,WIN,3Y,NU," SAR 1,105.04 ",,ECS,G1,24,RH,3Y,NU, SAR 637.26 
5,8,32,ECS,G1,32,LNX,3Y,NU, SAR 568.62 ,,ECS,G1,32,WIN,3Y,NU," SAR 1,473.38 ",,ECS,G1,32,RH,3Y,NU, SAR 779.42 
6,10,40,ECS,G1,40,LNX,3Y,NU, SAR 710.77 ,,ECS,G1,40,WIN,3Y,NU," SAR 1,841.73 ",,ECS,G1,40,RH,3Y,NU, SAR 921.57 
7,12,48,ECS,G1,48,LNX,3Y,NU, SAR 852.92 ,,ECS,G1,48,WIN,3Y,NU," SAR 2,210.08 ",,ECS,G1,48,RH,3Y,NU," SAR 1,063.72 "
8,14,56,ECS,G1,56,LNX,3Y,NU, SAR 995.08 ,,ECS,G1,56,WIN,3Y,NU," SAR 2,578.42 ",,ECS,G1,56,RH,3Y,NU," SAR 1,205.88 "
9,16,64,ECS,G1,64,LNX,3Y,NU," SAR 1,137.23 ",,ECS,G1,64,WIN,3Y,NU," SAR 2,946.77 ",,ECS,G1,64,RH,3Y,NU," SAR 1,348.03 "
10,18,72,ECS,G1,72,LNX,3Y,NU," SAR 1,279.39 ",,ECS,G1,72,WIN,3Y,NU," SAR 3,315.11 ",,ECS,G1,72,RH,3Y,NU," SAR 1,745.19 "
11,20,80,ECS,G1,80,LNX,3Y,NU," SAR 1,421.54 ",,ECS,G1,80,WIN,3Y,NU," SAR 3,683.46 ",,ECS,G1,80,RH,3Y,NU," SAR 1,887.34 "
12,22,88,ECS,G1,88,LNX,3Y,NU," SAR 1,563.69 ",,ECS,G1,88,WIN,3Y,NU," SAR 4,051.81 ",,ECS,G1,88,RH,3Y,NU," SAR 2,029.49 "
13,24,96,ECS,G1,96,LNX,3Y,NU," SAR 1,705.85 ",,ECS,G1,96,WIN,3Y,NU," SAR 4,420.15 ",,ECS,G1,96,RH,3Y,NU," SAR 2,171.65 "
14,26,104,ECS,G1,104,LNX,3Y,NU," SAR 1,848.00 ",,ECS,G1,104,WIN,3Y,NU," SAR 4,788.50 ",,ECS,G1,104,RH,3Y,NU," SAR 2,313.80 "
15,28,112,ECS,G1,112,LNX,3Y,NU," SAR 1,990.16 ",,ECS,G1,112,WIN,3Y,NU," SAR 5,156.84 ",,ECS,G1,112,RH,3Y,NU," SAR 2,455.96 "
16,30,120,ECS,G1,120,LNX,3Y,NU," SAR 2,132.31 ",,ECS,G1,120,WIN,3Y,NU," SAR 5,525.19 ",,ECS,G1,120,RH,3Y,NU," SAR 2,598.11 "
17,32,128,ECS,G1,128,LNX,3Y,NU," SAR 2,274.46 ",,ECS,G1,128,WIN,3Y,NU," SAR 5,893.54 ",,ECS,G1,128,RH,3Y,NU," SAR 2,740.26 "
,,,,,,,,,,,,,,,,,,,,,,,,,,
Specs (1:2),,,FREE LINUX,,,,,,,,WINDOWS,,,,,,,,REDHAT,,,,,,
#,vCPU,RAM,Ser,Typ,Fla,OS,Com,Mod,DETASAD New Monthly List Price,,Ser,Typ,Fla,OS,Com,Mod,DETASAD New Monthly List Price,,Ser,Typ,Fla,OS,Com,Mod,DETASAD New Monthly List Price
1,1,2,ECS,G2,2,LNX,3Y,NU, SAR 52.84 ,,ECS,G2,2,WIN,3Y,NU, SAR 146.45 ,,ECS,G2,2,RH,3Y,NU, SAR 281.00 
2,2,4,ECS,G2,4,LNX,3Y,NU, SAR 105.69 ,,ECS,G2,4,WIN,3Y,NU, SAR 292.90 ,,ECS,G2,4,RH,3Y,NU, SAR 333.85 
3,4,8,ECS,G2,8,LNX,3Y,NU, SAR 211.38 ,,ECS,G2,8,WIN,3Y,NU, SAR 585.81 ,,ECS,G2,8,RH,3Y,NU, SAR 439.54 
4,6,12,ECS,G2,12,LNX,3Y,NU, SAR 317.07 ,,ECS,G2,12,WIN,3Y,NU, SAR 878.71 ,,ECS,G2,12,RH,3Y,NU, SAR 545.23 
5,8,16,ECS,G2,16,LNX,3Y,NU, SAR 422.76 ,,ECS,G2,16,WIN,3Y,NU," SAR 1,171.62 ",,ECS,G2,16,RH,3Y,NU, SAR 650.92 
6,10,20,ECS,G2,20,LNX,3Y,NU, SAR 528.45 ,,ECS,G2,20,WIN,3Y,NU," SAR 1,464.52 ",,ECS,G2,20,RH,3Y,NU, SAR 756.61 
7,12,24,ECS,G2,24,LNX,3Y,NU, SAR 634.14 ,,ECS,G2,24,WIN,3Y,NU," SAR 1,757.42 ",,ECS,G2,24,RH,3Y,NU, SAR 862.30 
8,14,28,ECS,G2,28,LNX,3Y,NU, SAR 739.83 ,,ECS,G2,28,WIN,3Y,NU," SAR 2,050.33 ",,ECS,G2,28,RH,3Y,NU, SAR 967.99 
9,16,32,ECS,G2,32,LNX,3Y,NU, SAR 845.52 ,,ECS,G2,32,WIN,3Y,NU," SAR 2,343.23 ",,ECS,G2,32,RH,3Y,NU," SAR 1,073.68 "
10,18,36,ECS,G2,36,LNX,3Y,NU, SAR 951.21 ,,ECS,G2,36,WIN,3Y,NU," SAR 2,636.14 ",,ECS,G2,36,RH,3Y,NU," SAR 1,455.37 "
11,20,40,ECS,G2,40,LNX,3Y,NU," SAR 1,056.90 ",,ECS,G2,40,WIN,3Y,NU," SAR 2,929.04 ",,ECS,G2,40,RH,3Y,NU," SAR 1,561.06 "
12,22,44,ECS,G2,44,LNX,3Y,NU," SAR 1,162.59 ",,ECS,G2,44,WIN,3Y,NU," SAR 3,221.94 ",,ECS,G2,44,RH,3Y,NU," SAR 1,666.75 "
13,24,48,ECS,G2,48,LNX,3Y,NU," SAR 1,268.28 ",,ECS,G2,48,WIN,3Y,NU," SAR 3,514.85 ",,ECS,G2,48,RH,3Y,NU," SAR 1,772.44 "
14,26,52,ECS,G2,52,LNX,3Y,NU," SAR 1,373.96 ",,ECS,G2,52,WIN,3Y,NU," SAR 3,807.75 ",,ECS,G2,52,RH,3Y,NU," SAR 1,878.12 "
15,28,56,ECS,G2,56,LNX,3Y,NU," SAR 1,479.65 ",,ECS,G2,56,WIN,3Y,NU," SAR 4,100.66 ",,ECS,G2,56,RH,3Y,NU," SAR 1,983.81 "
16,30,60,ECS,G2,60,LNX,3Y,NU," SAR 1,585.34 ",,ECS,G2,60,WIN,3Y,NU," SAR 4,393.56 ",,ECS,G2,60,RH,3Y,NU," SAR 2,089.50 "
17,32,64,ECS,G2,64,LNX,3Y,NU," SAR 1,691.03 ",,ECS,G2,64,WIN,3Y,NU," SAR 4,686.46 ",,ECS,G2,64,RH,3Y,NU," SAR 2,195.19 "
,,,,,,,,,,,,,,,,,,,,,,,,,,
Specs (1:1),,,FREE LINUX,,,,,,,,WINDOWS,,,,,,,,REDHAT,,,,,,
#,vCPU,RAM,Ser,Typ,Fla,OS,Com,Mod,DETASAD New Monthly List Price,,Ser,Typ,Fla,OS,Com,Mod,DETASAD New Monthly List Price,,Ser,Typ,Fla,OS,Com,Mod,DETASAD New Monthly List Price
1,1,1,ECS,C1,1,LNX,3Y,NU, SAR 40.80 ,,ECS,C1,1,WIN,3Y,NU, SAR 105.27 ,,ECS,C1,1,RH,3Y,NU, SAR 268.96 
2,2,2,ECS,C1,2,LNX,3Y,NU, SAR 81.60 ,,ECS,C1,2,WIN,3Y,NU, SAR 210.54 ,,ECS,C1,2,RH,3Y,NU, SAR 309.76 
3,4,4,ECS,C1,4,LNX,3Y,NU, SAR 163.21 ,,ECS,C1,4,WIN,3Y,NU, SAR 421.07 ,,ECS,C1,4,RH,3Y,NU, SAR 391.37 
4,6,6,ECS,C1,6,LNX,3Y,NU, SAR 244.81 ,,ECS,C1,6,WIN,3Y,NU, SAR 631.61 ,,ECS,C1,6,RH,3Y,NU, SAR 472.97 
5,8,8,ECS,C1,8,LNX,3Y,NU, SAR 326.42 ,,ECS,C1,8,WIN,3Y,NU, SAR 842.14 ,,ECS,C1,8,RH,3Y,NU, SAR 554.58 
6,10,10,ECS,C1,10,LNX,3Y,NU, SAR 408.02 ,,ECS,C1,10,WIN,3Y,NU," SAR 1,052.68 ",,ECS,C1,10,RH,3Y,NU, SAR 636.18 
7,12,12,ECS,C1,12,LNX,3Y,NU, SAR 489.62 ,,ECS,C1,12,WIN,3Y,NU," SAR 1,263.21 ",,ECS,C1,12,RH,3Y,NU, SAR 717.78 
8,14,14,ECS,C1,14,LNX,3Y,NU, SAR 571.23 ,,ECS,C1,14,WIN,3Y,NU," SAR 1,473.75 ",,ECS,C1,14,RH,3Y,NU, SAR 799.39 
9,16,16,ECS,C1,16,LNX,3Y,NU, SAR 652.83 ,,ECS,C1,16,WIN,3Y,NU," SAR 1,684.28 ",,ECS,C1,16,RH,3Y,NU, SAR 880.99 
10,18,18,ECS,C1,18,LNX,3Y,NU, SAR 734.44 ,,ECS,C1,18,WIN,3Y,NU," SAR 1,894.82 ",,ECS,C1,18,RH,3Y,NU," SAR 1,238.60 "
11,20,20,ECS,C1,20,LNX,3Y,NU, SAR 816.04 ,,ECS,C1,20,WIN,3Y,NU," SAR 2,105.35 ",,ECS,C1,20,RH,3Y,NU," SAR 1,320.20 "
12,22,22,ECS,C1,22,LNX,3Y,NU, SAR 897.64 ,,ECS,C1,22,WIN,3Y,NU," SAR 2,315.89 ",,ECS,C1,22,RH,3Y,NU," SAR 1,401.80 "
13,24,24,ECS,C1,24,LNX,3Y,NU, SAR 979.25 ,,ECS,C1,24,WIN,3Y,NU," SAR 2,526.42 ",,ECS,C1,24,RH,3Y,NU," SAR 1,483.41 "
14,26,26,ECS,C1,26,LNX,3Y,NU," SAR 1,060.85 ",,ECS,C1,26,WIN,3Y,NU," SAR 2,736.96 ",,ECS,C1,26,RH,3Y,NU," SAR 1,565.01 "
15,28,28,ECS,C1,28,LNX,3Y,NU," SAR 1,142.46 ",,ECS,C1,28,WIN,3Y,NU," SAR 2,947.49 ",,ECS,C1,28,RH,3Y,NU," SAR 1,646.62 "
16,30,30,ECS,C1,30,LNX,3Y,NU," SAR 1,224.06 ",,ECS,C1,30,WIN,3Y,NU," SAR 3,158.03 ",,ECS,C1,30,RH,3Y,NU," SAR 1,728.22 "
17,32,32,ECS,C1,32,LNX,3Y,NU," SAR 1,305.66 ",,ECS,C1,32,WIN,3Y,NU," SAR 3,368.56 ",,ECS,C1,32,RH,3Y,NU," SAR 1,809.82 "
18,64,64,ECS,C1,64,LNX,3Y,NU," SAR 2,611.33 ",,ECS,C1,64,WIN,3Y,NU," SAR 6,737.12 ",,ECS,C1,64,RH,3Y,NU," SAR 3,115.49 "
19,128,128,ECS,C1,128,LNX,3Y,NU," SAR 5,222.66 ",,ECS,C1,128,WIN,3Y,NU," SAR 13,474.24 ",,ECS,C1,128,RH,3Y,NU," SAR 5,726.82 "
,,,,,,,,,,,,,,,,,,,,,,,,,,
Specs (1:0.5),,,FREE LINUX,,,,,,,,WINDOWS,,,,,,,,REDHAT,,,,,,
#,vCPU,RAM,Ser,Typ,Fla,OS,Com,Mod,DETASAD New Monthly List Price,,Ser,Typ,Fla,OS,Com,Mod,DETASAD New Monthly List Price,,Ser,Typ,Fla,OS,Com,Mod,DETASAD New Monthly List Price
1,2,1,ECS,C2,1,LNX,3Y,NU, SAR 69.56 ,,ECS,C2,1,WIN,3Y,NU, SAR 169.35 ,,ECS,C2,1,RH,3Y,NU, SAR 297.72 
2,4,2,ECS,C2,2,LNX,3Y,NU, SAR 139.12 ,,ECS,C2,2,WIN,3Y,NU, SAR 338.70 ,,ECS,C2,2,RH,3Y,NU, SAR 367.28 
3,6,3,ECS,C2,3,LNX,3Y,NU, SAR 208.68 ,,ECS,C2,3,WIN,3Y,NU, SAR 508.05 ,,ECS,C2,3,RH,3Y,NU, SAR 436.84 
4,8,4,ECS,C2,4,LNX,3Y,NU, SAR 278.24 ,,ECS,C2,4,WIN,3Y,NU, SAR 677.40 ,,ECS,C2,4,RH,3Y,NU, SAR 506.40 
5,10,5,ECS,C2,5,LNX,3Y,NU, SAR 347.81 ,,ECS,C2,5,WIN,3Y,NU, SAR 846.75 ,,ECS,C2,5,RH,3Y,NU, SAR 575.97 
6,12,6,ECS,C2,6,LNX,3Y,NU, SAR 417.37 ,,ECS,C2,6,WIN,3Y,NU," SAR 1,016.10 ",,ECS,C2,6,RH,3Y,NU, SAR 645.53 
7,14,7,ECS,C2,7,LNX,3Y,NU, SAR 486.93 ,,ECS,C2,7,WIN,3Y,NU," SAR 1,185.45 ",,ECS,C2,7,RH,3Y,NU, SAR 715.09 
8,16,8,ECS,C2,8,LNX,3Y,NU, SAR 556.49 ,,ECS,C2,8,WIN,3Y,NU," SAR 1,354.80 ",,ECS,C2,8,RH,3Y,NU, SAR 784.65 
9,18,9,ECS,C2,9,LNX,3Y,NU, SAR 626.05 ,,ECS,C2,9,WIN,3Y,NU," SAR 1,524.15 ",,ECS,C2,9,RH,3Y,NU," SAR 1,130.21 "
10,20,10,ECS,C2,10,LNX,3Y,NU, SAR 695.61 ,,ECS,C2,10,WIN,3Y,NU," SAR 1,693.51 ",,ECS,C2,10,RH,3Y,NU," SAR 1,199.77 "
11,22,11,ECS,C2,11,LNX,3Y,NU, SAR 765.17 ,,ECS,C2,11,WIN,3Y,NU," SAR 1,862.86 ",,ECS,C2,11,RH,3Y,NU," SAR 1,269.33 "
12,24,12,ECS,C2,12,LNX,3Y,NU, SAR 834.73 ,,ECS,C2,12,WIN,3Y,NU," SAR 2,032.21 ",,ECS,C2,12,RH,3Y,NU," SAR 1,338.89 "
13,26,13,ECS,C2,13,LNX,3Y,NU, SAR 904.30 ,,ECS,C2,13,WIN,3Y,NU," SAR 2,201.56 ",,ECS,C2,13,RH,3Y,NU," SAR 1,408.46 "
14,28,14,ECS,C2,14,LNX,3Y,NU, SAR 973.86 ,,ECS,C2,14,WIN,3Y,NU," SAR 2,370.91 ",,ECS,C2,14,RH,3Y,NU," SAR 1,478.02 "
15,30,15,ECS,C2,15,LNX,3Y,NU," SAR 1,043.42 ",,ECS,C2,15,WIN,3Y,NU," SAR 2,540.26 ",,ECS,C2,15,RH,3Y,NU," SAR 1,547.58 "
16,32,16,ECS,C2,16,LNX,3Y,NU," SAR 1,112.98 ",,ECS,C2,16,WIN,3Y,NU," SAR 2,709.61 ",,ECS,C2,16,RH,3Y,NU," SAR 1,617.14 "
17,34,17,ECS,C2,17,LNX,3Y,NU," SAR 1,182.54 ",,ECS,C2,17,WIN,3Y,NU," SAR 2,878.96 ",,ECS,C2,17,RH,3Y,NU," SAR 1,686.70 "
18,36,18,ECS,C2,18,LNX,3Y,NU," SAR 1,252.10 ",,ECS,C2,18,WIN,3Y,NU," SAR 3,048.31 ",,ECS,C2,18,RH,3Y,NU," SAR 1,756.26 "
,,,,,,,,,,,,,,,,,,,,,,,,,,
Specs (1:8),,,FREE LINUX,,,,,,,,WINDOWS,,,,,,,,REDHAT,,,,,,
#,vCPU,RAM,Ser,Typ,Fla,OS,Com,Mod,DETASAD New Monthly List Price,,Ser,Typ,Fla,OS,Com,Mod,DETASAD New Monthly List Price,,Ser,Typ,Fla,OS,Com,Mod,DETASAD New Monthly List Price
1,1,8,ECS,M1,8,LNX,3Y,NU, SAR 85.67 ,,ECS,M1,8,WIN,3Y,NU, SAR 197.74 ,,ECS,M1,8,RH,3Y,NU, SAR 241.91 
2,2,16,ECS,M1,16,LNX,3Y,NU, SAR 171.33 ,,ECS,M1,16,WIN,3Y,NU, SAR 395.48 ,,ECS,M1,16,RH,3Y,NU, SAR 327.57 
3,4,32,ECS,M1,32,LNX,3Y,NU, SAR 342.67 ,,ECS,M1,32,WIN,3Y,NU, SAR 790.96 ,,ECS,M1,32,RH,3Y,NU, SAR 498.91 
4,6,48,ECS,M1,48,LNX,3Y,NU, SAR 514.00 ,,ECS,M1,48,WIN,3Y,NU," SAR 1,186.44 ",,ECS,M1,48,RH,3Y,NU, SAR 670.24 
5,8,64,ECS,M1,64,LNX,3Y,NU, SAR 685.34 ,,ECS,M1,64,WIN,3Y,NU," SAR 1,581.92 ",,ECS,M1,64,RH,3Y,NU, SAR 841.58 
6,10,80,ECS,M1,80,LNX,3Y,NU, SAR 856.67 ,,ECS,M1,80,WIN,3Y,NU," SAR 1,977.39 ",,ECS,M1,80,RH,3Y,NU," SAR 1,012.91 "
7,12,96,ECS,M1,96,LNX,3Y,NU," SAR 1,028.01 ",,ECS,M1,96,WIN,3Y,NU," SAR 2,372.87 ",,ECS,M1,96,RH,3Y,NU," SAR 1,184.25 "
8,14,112,ECS,M1,112,LNX,3Y,NU," SAR 1,199.34 ",,ECS,M1,112,WIN,3Y,NU," SAR 2,768.35 ",,ECS,M1,112,RH,3Y,NU," SAR 1,355.58 "
9,16,128,ECS,M1,128,LNX,3Y,NU," SAR 1,370.68 ",,ECS,M1,128,WIN,3Y,NU," SAR 3,163.83 ",,ECS,M1,128,RH,3Y,NU," SAR 1,526.92 "
10,18,144,ECS,M1,144,LNX,3Y,NU," SAR 1,542.01 ",,ECS,M1,144,WIN,3Y,NU," SAR 3,559.31 ",,ECS,M1,144,RH,3Y,NU," SAR 1,887.25 "
,,,,,,,,,,,,,,,,,,,,,,,,,,
,,,,,,,,,,,,,,,,,,,,,,,,,,
Specs (1:4),,,FREE LINUX,,,,,,,,WINDOWS,,,,,,,,REDHAT,,,,,,
#,vCPU,RAM,Ser,Typ,Fla,OS,Com,Mod,DETASAD New Monthly List Price,,Ser,Typ,Fla,OS,Com,Mod,DETASAD New Monthly List Price,,Ser,Typ,Fla,OS,Com,Mod,DETASAD New Monthly List Price
1,1,4,ECS,G1,4,LNX,3Y,PU, SAR 66.06 ,,ECS,G1,4,WIN,3Y,PU, SAR 177.48 ,,ECS,G1,4,RH,3Y,PU, SAR 261.98 
2,2,8,ECS,G1,8,LNX,3Y,PU, SAR 132.12 ,,ECS,G1,8,WIN,3Y,PU, SAR 354.95 ,,ECS,G1,8,RH,3Y,PU, SAR 328.04 
3,4,16,ECS,G1,16,LNX,3Y,PU, SAR 264.24 ,,ECS,G1,16,WIN,3Y,PU, SAR 709.90 ,,ECS,G1,16,RH,3Y,PU, SAR 460.16 
4,6,24,ECS,G1,24,LNX,3Y,PU, SAR 396.36 ,,ECS,G1,24,WIN,3Y,PU," SAR 1,064.85 ",,ECS,G1,24,RH,3Y,PU, SAR 592.28 
5,8,32,ECS,G1,32,LNX,3Y,PU, SAR 528.48 ,,ECS,G1,32,WIN,3Y,PU," SAR 1,419.81 ",,ECS,G1,32,RH,3Y,PU, SAR 724.40 
6,10,40,ECS,G1,40,LNX,3Y,PU, SAR 660.60 ,,ECS,G1,40,WIN,3Y,PU," SAR 1,774.76 ",,ECS,G1,40,RH,3Y,PU, SAR 856.52 
7,12,48,ECS,G1,48,LNX,3Y,PU, SAR 792.72 ,,ECS,G1,48,WIN,3Y,PU," SAR 2,129.71 ",,ECS,G1,48,RH,3Y,PU, SAR 988.64 
8,14,56,ECS,G1,56,LNX,3Y,PU, SAR 924.84 ,,ECS,G1,56,WIN,3Y,PU," SAR 2,484.66 ",,ECS,G1,56,RH,3Y,PU," SAR 1,120.76 "
9,16,64,ECS,G1,64,LNX,3Y,PU," SAR 1,056.96 ",,ECS,G1,64,WIN,3Y,PU," SAR 2,839.61 ",,ECS,G1,64,RH,3Y,PU," SAR 1,252.88 "
10,18,72,ECS,G1,72,LNX,3Y,PU," SAR 1,189.08 ",,ECS,G1,72,WIN,3Y,PU," SAR 3,194.56 ",,ECS,G1,72,RH,3Y,PU," SAR 1,622.00 "
11,20,80,ECS,G1,80,LNX,3Y,PU," SAR 1,321.20 ",,ECS,G1,80,WIN,3Y,PU," SAR 3,549.52 ",,ECS,G1,80,RH,3Y,PU," SAR 1,754.12 "
12,22,88,ECS,G1,88,LNX,3Y,PU," SAR 1,453.32 ",,ECS,G1,88,WIN,3Y,PU," SAR 3,904.47 ",,ECS,G1,88,RH,3Y,PU," SAR 1,886.24 "
13,24,96,ECS,G1,96,LNX,3Y,PU," SAR 1,585.44 ",,ECS,G1,96,WIN,3Y,PU," SAR 4,259.42 ",,ECS,G1,96,RH,3Y,PU," SAR 2,018.36 "
14,26,104,ECS,G1,104,LNX,3Y,PU," SAR 1,717.55 ",,ECS,G1,104,WIN,3Y,PU," SAR 4,614.37 ",,ECS,G1,104,RH,3Y,PU," SAR 2,150.47 "
15,28,112,ECS,G1,112,LNX,3Y,PU," SAR 1,849.67 ",,ECS,G1,112,WIN,3Y,PU," SAR 4,969.32 ",,ECS,G1,112,RH,3Y,PU," SAR 2,282.59 "
16,30,120,ECS,G1,120,LNX,3Y,PU," SAR 1,981.79 ",,ECS,G1,120,WIN,3Y,PU," SAR 5,324.27 ",,ECS,G1,120,RH,3Y,PU," SAR 2,414.71 "
17,32,128,ECS,G1,128,LNX,3Y,PU," SAR 2,113.91 ",,ECS,G1,128,WIN,3Y,PU," SAR 5,679.23 ",,ECS,G1,128,RH,3Y,PU," SAR 2,546.83 "
,,,,,,,,,,,,,,,,,,,,,,,,,,
Specs (1:2),,,FREE LINUX,,,,,,,,WINDOWS,,,,,,,,REDHAT,,,,,,
#,vCPU,RAM,Ser,Typ,Fla,OS,Com,Mod,DETASAD New Monthly List Price,,Ser,Typ,Fla,OS,Com,Mod,DETASAD New Monthly List Price,,Ser,Typ,Fla,OS,Com,Mod,DETASAD New Monthly List Price
1,1,2,ECS,G2,2,LNX,3Y,PU, SAR 48.82 ,,ECS,G2,2,WIN,3Y,PU, SAR 142.17 ,,ECS,G2,2,RH,3Y,PU, SAR 259.62 
2,2,4,ECS,G2,4,LNX,3Y,PU, SAR 97.65 ,,ECS,G2,4,WIN,3Y,PU, SAR 284.33 ,,ECS,G2,4,RH,3Y,PU, SAR 308.45 
3,4,8,ECS,G2,8,LNX,3Y,PU, SAR 195.30 ,,ECS,G2,8,WIN,3Y,PU, SAR 568.66 ,,ECS,G2,8,RH,3Y,PU, SAR 406.10 
4,6,12,ECS,G2,12,LNX,3Y,PU, SAR 292.94 ,,ECS,G2,12,WIN,3Y,PU, SAR 852.99 ,,ECS,G2,12,RH,3Y,PU, SAR 503.74 
5,8,16,ECS,G2,16,LNX,3Y,PU, SAR 390.59 ,,ECS,G2,16,WIN,3Y,PU," SAR 1,137.32 ",,ECS,G2,16,RH,3Y,PU, SAR 601.39 
6,10,20,ECS,G2,20,LNX,3Y,PU, SAR 488.24 ,,ECS,G2,20,WIN,3Y,PU," SAR 1,421.66 ",,ECS,G2,20,RH,3Y,PU, SAR 699.04 
7,12,24,ECS,G2,24,LNX,3Y,PU, SAR 585.89 ,,ECS,G2,24,WIN,3Y,PU," SAR 1,705.99 ",,ECS,G2,24,RH,3Y,PU, SAR 796.69 
8,14,28,ECS,G2,28,LNX,3Y,PU, SAR 683.54 ,,ECS,G2,28,WIN,3Y,PU," SAR 1,990.32 ",,ECS,G2,28,RH,3Y,PU, SAR 894.34 
9,16,32,ECS,G2,32,LNX,3Y,PU, SAR 781.18 ,,ECS,G2,32,WIN,3Y,PU," SAR 2,274.65 ",,ECS,G2,32,RH,3Y,PU, SAR 991.98 
10,18,36,ECS,G2,36,LNX,3Y,PU, SAR 878.83 ,,ECS,G2,36,WIN,3Y,PU," SAR 2,558.98 ",,ECS,G2,36,RH,3Y,PU," SAR 1,344.63 "
11,20,40,ECS,G2,40,LNX,3Y,PU, SAR 976.48 ,,ECS,G2,40,WIN,3Y,PU," SAR 2,843.31 ",,ECS,G2,40,RH,3Y,PU," SAR 1,442.28 "
12,22,44,ECS,G2,44,LNX,3Y,PU," SAR 1,074.13 ",,ECS,G2,44,WIN,3Y,PU," SAR 3,127.64 ",,ECS,G2,44,RH,3Y,PU," SAR 1,539.93 "
13,24,48,ECS,G2,48,LNX,3Y,PU," SAR 1,171.78 ",,ECS,G2,48,WIN,3Y,PU," SAR 3,411.97 ",,ECS,G2,48,RH,3Y,PU," SAR 1,637.58 "
14,26,52,ECS,G2,52,LNX,3Y,PU," SAR 1,269.42 ",,ECS,G2,52,WIN,3Y,PU," SAR 3,696.31 ",,ECS,G2,52,RH,3Y,PU," SAR 1,735.22 "
15,28,56,ECS,G2,56,LNX,3Y,PU," SAR 1,367.07 ",,ECS,G2,56,WIN,3Y,PU," SAR 3,980.64 ",,ECS,G2,56,RH,3Y,PU," SAR 1,832.87 "
16,30,60,ECS,G2,60,LNX,3Y,PU," SAR 1,464.72 ",,ECS,G2,60,WIN,3Y,PU," SAR 4,264.97 ",,ECS,G2,60,RH,3Y,PU," SAR 1,930.52 "
17,32,64,ECS,G2,64,LNX,3Y,PU," SAR 1,562.37 ",,ECS,G2,64,WIN,3Y,PU," SAR 4,549.30 ",,ECS,G2,64,RH,3Y,PU," SAR 2,028.17 "
,,,,,,,,,,,,,,,,,,,,,,,,,,
Specs (1:1),,,FREE LINUX,,,,,,,,WINDOWS,,,,,,,,REDHAT,,,,,,
#,vCPU,RAM,Ser,Typ,Fla,OS,Com,Mod,DETASAD New Monthly List Price,,Ser,Typ,Fla,OS,Com,Mod,DETASAD New Monthly List Price,,Ser,Typ,Fla,OS,Com,Mod,DETASAD New Monthly List Price
1,1,1,ECS,C1,1,LNX,3Y,PU, SAR 37.70 ,,ECS,C1,1,WIN,3Y,PU, SAR 102.19 ,,ECS,C1,1,RH,3Y,PU, SAR 248.50 
2,2,2,ECS,C1,2,LNX,3Y,PU, SAR 75.40 ,,ECS,C1,2,WIN,3Y,PU, SAR 204.37 ,,ECS,C1,2,RH,3Y,PU, SAR 286.20 
3,4,4,ECS,C1,4,LNX,3Y,PU, SAR 150.79 ,,ECS,C1,4,WIN,3Y,PU, SAR 408.75 ,,ECS,C1,4,RH,3Y,PU, SAR 361.59 
4,6,6,ECS,C1,6,LNX,3Y,PU, SAR 226.19 ,,ECS,C1,6,WIN,3Y,PU, SAR 613.12 ,,ECS,C1,6,RH,3Y,PU, SAR 436.99 
5,8,8,ECS,C1,8,LNX,3Y,PU, SAR 301.58 ,,ECS,C1,8,WIN,3Y,PU, SAR 817.49 ,,ECS,C1,8,RH,3Y,PU, SAR 512.38 
6,10,10,ECS,C1,10,LNX,3Y,PU, SAR 376.98 ,,ECS,C1,10,WIN,3Y,PU," SAR 1,021.87 ",,ECS,C1,10,RH,3Y,PU, SAR 587.78 
7,12,12,ECS,C1,12,LNX,3Y,PU, SAR 452.37 ,,ECS,C1,12,WIN,3Y,PU," SAR 1,226.24 ",,ECS,C1,12,RH,3Y,PU, SAR 663.17 
8,14,14,ECS,C1,14,LNX,3Y,PU, SAR 527.77 ,,ECS,C1,14,WIN,3Y,PU," SAR 1,430.61 ",,ECS,C1,14,RH,3Y,PU, SAR 738.57 
9,16,16,ECS,C1,16,LNX,3Y,PU, SAR 603.16 ,,ECS,C1,16,WIN,3Y,PU," SAR 1,634.98 ",,ECS,C1,16,RH,3Y,PU, SAR 813.96 
10,18,18,ECS,C1,18,LNX,3Y,PU, SAR 678.56 ,,ECS,C1,18,WIN,3Y,PU," SAR 1,839.36 ",,ECS,C1,18,RH,3Y,PU," SAR 1,144.36 "
11,20,20,ECS,C1,20,LNX,3Y,PU, SAR 753.95 ,,ECS,C1,20,WIN,3Y,PU," SAR 2,043.73 ",,ECS,C1,20,RH,3Y,PU," SAR 1,219.75 "
12,22,22,ECS,C1,22,LNX,3Y,PU, SAR 829.35 ,,ECS,C1,22,WIN,3Y,PU," SAR 2,248.10 ",,ECS,C1,22,RH,3Y,PU," SAR 1,295.15 "
13,24,24,ECS,C1,24,LNX,3Y,PU, SAR 904.74 ,,ECS,C1,24,WIN,3Y,PU," SAR 2,452.48 ",,ECS,C1,24,RH,3Y,PU," SAR 1,370.54 "
14,26,26,ECS,C1,26,LNX,3Y,PU, SAR 980.14 ,,ECS,C1,26,WIN,3Y,PU," SAR 2,656.85 ",,ECS,C1,26,RH,3Y,PU," SAR 1,445.94 "
15,28,28,ECS,C1,28,LNX,3Y,PU," SAR 1,055.53 ",,ECS,C1,28,WIN,3Y,PU," SAR 2,861.22 ",,ECS,C1,28,RH,3Y,PU," SAR 1,521.33 "
16,30,30,ECS,C1,30,LNX,3Y,PU," SAR 1,130.93 ",,ECS,C1,30,WIN,3Y,PU," SAR 3,065.60 ",,ECS,C1,30,RH,3Y,PU," SAR 1,596.73 "
17,32,32,ECS,C1,32,LNX,3Y,PU," SAR 1,206.32 ",,ECS,C1,32,WIN,3Y,PU," SAR 3,269.97 ",,ECS,C1,32,RH,3Y,PU," SAR 1,672.12 "
18,64,64,ECS,C1,64,LNX,3Y,PU," SAR 2,412.64 ",,ECS,C1,64,WIN,3Y,PU," SAR 6,539.94 ",,ECS,C1,64,RH,3Y,PU," SAR 2,878.44 "
19,128,128,ECS,C1,128,LNX,3Y,PU," SAR 4,825.28 ",,ECS,C1,128,WIN,3Y,PU," SAR 13,079.87 ",,ECS,C1,128,RH,3Y,PU," SAR 5,291.08 "
,,,,,,,,,,,,,,,,,,,,,,,,,,
Specs (1:0.5),,,FREE LINUX,,,,,,,,WINDOWS,,,,,,,,REDHAT,,,,,,
#,vCPU,RAM,Ser,Typ,Fla,OS,Com,Mod,DETASAD New Monthly List Price,,Ser,Typ,Fla,OS,Com,Mod,DETASAD New Monthly List Price,,Ser,Typ,Fla,OS,Com,Mod,DETASAD New Monthly List Price
1,2,1,ECS,C2,1,LNX,3Y,PU, SAR 64.27 ,,ECS,C2,1,WIN,3Y,PU, SAR 164.39 ,,ECS,C2,1,RH,3Y,PU, SAR 275.07 
2,4,2,ECS,C2,2,LNX,3Y,PU, SAR 128.54 ,,ECS,C2,2,WIN,3Y,PU, SAR 328.79 ,,ECS,C2,2,RH,3Y,PU, SAR 339.34 
3,6,3,ECS,C2,3,LNX,3Y,PU, SAR 192.81 ,,ECS,C2,3,WIN,3Y,PU, SAR 493.18 ,,ECS,C2,3,RH,3Y,PU, SAR 403.61 
4,8,4,ECS,C2,4,LNX,3Y,PU, SAR 257.07 ,,ECS,C2,4,WIN,3Y,PU, SAR 657.58 ,,ECS,C2,4,RH,3Y,PU, SAR 467.87 
5,10,5,ECS,C2,5,LNX,3Y,PU, SAR 321.34 ,,ECS,C2,5,WIN,3Y,PU, SAR 821.97 ,,ECS,C2,5,RH,3Y,PU, SAR 532.14 
6,12,6,ECS,C2,6,LNX,3Y,PU, SAR 385.61 ,,ECS,C2,6,WIN,3Y,PU, SAR 986.36 ,,ECS,C2,6,RH,3Y,PU, SAR 596.41 
7,14,7,ECS,C2,7,LNX,3Y,PU, SAR 449.88 ,,ECS,C2,7,WIN,3Y,PU," SAR 1,150.76 ",,ECS,C2,7,RH,3Y,PU, SAR 660.68 
8,16,8,ECS,C2,8,LNX,3Y,PU, SAR 514.15 ,,ECS,C2,8,WIN,3Y,PU," SAR 1,315.15 ",,ECS,C2,8,RH,3Y,PU, SAR 724.95 
9,18,9,ECS,C2,9,LNX,3Y,PU, SAR 578.42 ,,ECS,C2,9,WIN,3Y,PU," SAR 1,479.55 ",,ECS,C2,9,RH,3Y,PU," SAR 1,044.22 "
10,20,10,ECS,C2,10,LNX,3Y,PU, SAR 642.69 ,,ECS,C2,10,WIN,3Y,PU," SAR 1,643.94 ",,ECS,C2,10,RH,3Y,PU," SAR 1,108.49 "
11,22,11,ECS,C2,11,LNX,3Y,PU, SAR 706.95 ,,ECS,C2,11,WIN,3Y,PU," SAR 1,808.33 ",,ECS,C2,11,RH,3Y,PU," SAR 1,172.75 "
12,24,12,ECS,C2,12,LNX,3Y,PU, SAR 771.22 ,,ECS,C2,12,WIN,3Y,PU," SAR 1,972.73 ",,ECS,C2,12,RH,3Y,PU," SAR 1,237.02 "
13,26,13,ECS,C2,13,LNX,3Y,PU, SAR 835.49 ,,ECS,C2,13,WIN,3Y,PU," SAR 2,137.12 ",,ECS,C2,13,RH,3Y,PU," SAR 1,301.29 "
14,28,14,ECS,C2,14,LNX,3Y,PU, SAR 899.76 ,,ECS,C2,14,WIN,3Y,PU," SAR 2,301.51 ",,ECS,C2,14,RH,3Y,PU," SAR 1,365.56 "
15,30,15,ECS,C2,15,LNX,3Y,PU, SAR 964.03 ,,ECS,C2,15,WIN,3Y,PU," SAR 2,465.91 ",,ECS,C2,15,RH,3Y,PU," SAR 1,429.83 "
16,32,16,ECS,C2,16,LNX,3Y,PU," SAR 1,028.30 ",,ECS,C2,16,WIN,3Y,PU," SAR 2,630.30 ",,ECS,C2,16,RH,3Y,PU," SAR 1,494.10 "
17,34,17,ECS,C2,17,LNX,3Y,PU," SAR 1,092.56 ",,ECS,C2,17,WIN,3Y,PU," SAR 2,794.70 ",,ECS,C2,17,RH,3Y,PU," SAR 1,558.36 "
18,36,18,ECS,C2,18,LNX,3Y,PU," SAR 1,156.83 ",,ECS,C2,18,WIN,3Y,PU," SAR 2,959.09 ",,ECS,C2,18,RH,3Y,PU," SAR 1,622.63 "
,,,,,,,,,,,,,,,,,,,,,,,,,,
Specs (1:8),,,FREE LINUX,,,,,,,,WINDOWS,,,,,,,,REDHAT,,,,,,
#,vCPU,RAM,Ser,Typ,Fla,OS,Com,Mod,DETASAD New Monthly List Price,,Ser,Typ,Fla,OS,Com,Mod,DETASAD New Monthly List Price,,Ser,Typ,Fla,OS,Com,Mod,DETASAD New Monthly List Price
1,1,8,ECS,M1,8,LNX,3Y,PU, SAR 78.87 ,,ECS,M1,8,WIN,3Y,PU, SAR 191.98 ,,ECS,M1,8,RH,3Y,PU, SAR 222.71 
2,2,16,ECS,M1,16,LNX,3Y,PU, SAR 157.74 ,,ECS,M1,16,WIN,3Y,PU, SAR 383.96 ,,ECS,M1,16,RH,3Y,PU, SAR 301.58 
3,4,32,ECS,M1,32,LNX,3Y,PU, SAR 315.47 ,,ECS,M1,32,WIN,3Y,PU, SAR 767.92 ,,ECS,M1,32,RH,3Y,PU, SAR 459.31 
4,6,48,ECS,M1,48,LNX,3Y,PU, SAR 473.21 ,,ECS,M1,48,WIN,3Y,PU," SAR 1,151.88 ",,ECS,M1,48,RH,3Y,PU, SAR 617.05 
5,8,64,ECS,M1,64,LNX,3Y,PU, SAR 630.95 ,,ECS,M1,64,WIN,3Y,PU," SAR 1,535.84 ",,ECS,M1,64,RH,3Y,PU, SAR 774.79 
6,10,80,ECS,M1,80,LNX,3Y,PU, SAR 788.68 ,,ECS,M1,80,WIN,3Y,PU," SAR 1,919.80 ",,ECS,M1,80,RH,3Y,PU, SAR 932.52 
7,12,96,ECS,M1,96,LNX,3Y,PU, SAR 946.42 ,,ECS,M1,96,WIN,3Y,PU," SAR 2,303.76 ",,ECS,M1,96,RH,3Y,PU," SAR 1,090.26 "
8,14,112,ECS,M1,112,LNX,3Y,PU," SAR 1,104.16 ",,ECS,M1,112,WIN,3Y,PU," SAR 2,687.72 ",,ECS,M1,112,RH,3Y,PU," SAR 1,248.00 "
9,16,128,ECS,M1,128,LNX,3Y,PU," SAR 1,261.89 ",,ECS,M1,128,WIN,3Y,PU," SAR 3,071.68 ",,ECS,M1,128,RH,3Y,PU," SAR 1,405.73 "
10,18,144,ECS,M1,144,LNX,3Y,PU," SAR 1,419.63 ",,ECS,M1,144,WIN,3Y,PU," SAR 3,455.64 ",,ECS,M1,144,RH,3Y,PU," SAR 1,737.47 "
,,,,,,,,,,,,,,,,,,,,,,,,,,
,,,,,,,,,,,,,,,,,,,,,,,,,,
Specs (1:4),,,FREE LINUX,,,,,,,,WINDOWS,,,,,,,,REDHAT,,,,,,
#,vCPU,RAM,Ser,Typ,Fla,OS,Com,Mod,DETASAD New Monthly List Price,,Ser,Typ,Fla,OS,Com,Mod,DETASAD New Monthly List Price,,Ser,Typ,Fla,OS,Com,Mod,DETASAD New Monthly List Price
1,1,4,ECS,G1,4,LNX,3Y,FU, SAR 61.88 ,,ECS,G1,4,WIN,3Y,FU, SAR 174.13 ,,ECS,G1,4,RH,3Y,FU, SAR 245.40 
2,2,8,ECS,G1,8,LNX,3Y,FU, SAR 123.76 ,,ECS,G1,8,WIN,3Y,FU, SAR 348.25 ,,ECS,G1,8,RH,3Y,FU, SAR 307.28 
3,4,16,ECS,G1,16,LNX,3Y,FU, SAR 247.52 ,,ECS,G1,16,WIN,3Y,FU, SAR 696.51 ,,ECS,G1,16,RH,3Y,FU, SAR 431.04 
4,6,24,ECS,G1,24,LNX,3Y,FU, SAR 371.27 ,,ECS,G1,24,WIN,3Y,FU," SAR 1,044.76 ",,ECS,G1,24,RH,3Y,FU, SAR 554.79 
5,8,32,ECS,G1,32,LNX,3Y,FU, SAR 495.03 ,,ECS,G1,32,WIN,3Y,FU," SAR 1,393.02 ",,ECS,G1,32,RH,3Y,FU, SAR 678.55 
6,10,40,ECS,G1,40,LNX,3Y,FU, SAR 618.79 ,,ECS,G1,40,WIN,3Y,FU," SAR 1,741.27 ",,ECS,G1,40,RH,3Y,FU, SAR 802.31 
7,12,48,ECS,G1,48,LNX,3Y,FU, SAR 742.55 ,,ECS,G1,48,WIN,3Y,FU," SAR 2,089.53 ",,ECS,G1,48,RH,3Y,FU, SAR 926.07 
8,14,56,ECS,G1,56,LNX,3Y,FU, SAR 866.30 ,,ECS,G1,56,WIN,3Y,FU," SAR 2,437.78 ",,ECS,G1,56,RH,3Y,FU," SAR 1,049.82 "
9,16,64,ECS,G1,64,LNX,3Y,FU, SAR 990.06 ,,ECS,G1,64,WIN,3Y,FU," SAR 2,786.04 ",,ECS,G1,64,RH,3Y,FU," SAR 1,173.58 "
10,18,72,ECS,G1,72,LNX,3Y,FU," SAR 1,113.82 ",,ECS,G1,72,WIN,3Y,FU," SAR 3,134.29 ",,ECS,G1,72,RH,3Y,FU," SAR 1,519.34 "
11,20,80,ECS,G1,80,LNX,3Y,FU," SAR 1,237.58 ",,ECS,G1,80,WIN,3Y,FU," SAR 3,482.54 ",,ECS,G1,80,RH,3Y,FU," SAR 1,643.10 "
12,22,88,ECS,G1,88,LNX,3Y,FU," SAR 1,361.33 ",,ECS,G1,88,WIN,3Y,FU," SAR 3,830.80 ",,ECS,G1,88,RH,3Y,FU," SAR 1,766.85 "
13,24,96,ECS,G1,96,LNX,3Y,FU," SAR 1,485.09 ",,ECS,G1,96,WIN,3Y,FU," SAR 4,179.05 ",,ECS,G1,96,RH,3Y,FU," SAR 1,890.61 "
14,26,104,ECS,G1,104,LNX,3Y,FU," SAR 1,608.85 ",,ECS,G1,104,WIN,3Y,FU," SAR 4,527.31 ",,ECS,G1,104,RH,3Y,FU," SAR 2,014.37 "
15,28,112,ECS,G1,112,LNX,3Y,FU," SAR 1,732.61 ",,ECS,G1,112,WIN,3Y,FU," SAR 4,875.56 ",,ECS,G1,112,RH,3Y,FU," SAR 2,138.13 "
16,30,120,ECS,G1,120,LNX,3Y,FU," SAR 1,856.36 ",,ECS,G1,120,WIN,3Y,FU," SAR 5,223.82 ",,ECS,G1,120,RH,3Y,FU," SAR 2,261.88 "
17,32,128,ECS,G1,128,LNX,3Y,FU," SAR 1,980.12 ",,ECS,G1,128,WIN,3Y,FU," SAR 5,572.07 ",,ECS,G1,128,RH,3Y,FU," SAR 2,385.64 "
,,,,,,,,,,,,,,,,,,,,,,,,,,
Specs (1:2),,,FREE LINUX,,,,,,,,WINDOWS,,,,,,,,REDHAT,,,,,,
#,vCPU,RAM,Ser,Typ,Fla,OS,Com,Mod,DETASAD New Monthly List Price,,Ser,Typ,Fla,OS,Com,Mod,DETASAD New Monthly List Price,,Ser,Typ,Fla,OS,Com,Mod,DETASAD New Monthly List Price
1,1,2,ECS,G2,2,LNX,3Y,FU, SAR 45.38 ,,ECS,G2,2,WIN,3Y,FU, SAR 139.31 ,,ECS,G2,2,RH,3Y,FU, SAR 241.30 
2,2,4,ECS,G2,4,LNX,3Y,FU, SAR 90.76 ,,ECS,G2,4,WIN,3Y,FU, SAR 278.62 ,,ECS,G2,4,RH,3Y,FU, SAR 286.68 
3,4,8,ECS,G2,8,LNX,3Y,FU, SAR 181.51 ,,ECS,G2,8,WIN,3Y,FU, SAR 557.23 ,,ECS,G2,8,RH,3Y,FU, SAR 377.43 
4,6,12,ECS,G2,12,LNX,3Y,FU, SAR 272.27 ,,ECS,G2,12,WIN,3Y,FU, SAR 835.85 ,,ECS,G2,12,RH,3Y,FU, SAR 468.19 
5,8,16,ECS,G2,16,LNX,3Y,FU, SAR 363.02 ,,ECS,G2,16,WIN,3Y,FU," SAR 1,114.46 ",,ECS,G2,16,RH,3Y,FU, SAR 558.94 
6,10,20,ECS,G2,20,LNX,3Y,FU, SAR 453.78 ,,ECS,G2,20,WIN,3Y,FU," SAR 1,393.08 ",,ECS,G2,20,RH,3Y,FU, SAR 649.70 
7,12,24,ECS,G2,24,LNX,3Y,FU, SAR 544.53 ,,ECS,G2,24,WIN,3Y,FU," SAR 1,671.70 ",,ECS,G2,24,RH,3Y,FU, SAR 740.45 
8,14,28,ECS,G2,28,LNX,3Y,FU, SAR 635.29 ,,ECS,G2,28,WIN,3Y,FU," SAR 1,950.31 ",,ECS,G2,28,RH,3Y,FU, SAR 831.21 
9,16,32,ECS,G2,32,LNX,3Y,FU, SAR 726.04 ,,ECS,G2,32,WIN,3Y,FU," SAR 2,228.93 ",,ECS,G2,32,RH,3Y,FU, SAR 921.96 
10,18,36,ECS,G2,36,LNX,3Y,FU, SAR 816.80 ,,ECS,G2,36,WIN,3Y,FU," SAR 2,507.54 ",,ECS,G2,36,RH,3Y,FU," SAR 1,249.72 "
11,20,40,ECS,G2,40,LNX,3Y,FU, SAR 907.55 ,,ECS,G2,40,WIN,3Y,FU," SAR 2,786.16 ",,ECS,G2,40,RH,3Y,FU," SAR 1,340.47 "
12,22,44,ECS,G2,44,LNX,3Y,FU, SAR 998.31 ,,ECS,G2,44,WIN,3Y,FU," SAR 3,064.78 ",,ECS,G2,44,RH,3Y,FU," SAR 1,431.23 "
13,24,48,ECS,G2,48,LNX,3Y,FU," SAR 1,089.06 ",,ECS,G2,48,WIN,3Y,FU," SAR 3,343.39 ",,ECS,G2,48,RH,3Y,FU," SAR 1,521.98 "
14,26,52,ECS,G2,52,LNX,3Y,FU," SAR 1,179.82 ",,ECS,G2,52,WIN,3Y,FU," SAR 3,622.01 ",,ECS,G2,52,RH,3Y,FU," SAR 1,612.74 "
15,28,56,ECS,G2,56,LNX,3Y,FU," SAR 1,270.57 ",,ECS,G2,56,WIN,3Y,FU," SAR 3,900.62 ",,ECS,G2,56,RH,3Y,FU," SAR 1,703.49 "
16,30,60,ECS,G2,60,LNX,3Y,FU," SAR 1,361.33 ",,ECS,G2,60,WIN,3Y,FU," SAR 4,179.24 ",,ECS,G2,60,RH,3Y,FU," SAR 1,794.25 "
17,32,64,ECS,G2,64,LNX,3Y,FU," SAR 1,452.08 ",,ECS,G2,64,WIN,3Y,FU," SAR 4,457.86 ",,ECS,G2,64,RH,3Y,FU," SAR 1,885.00 "
,,,,,,,,,,,,,,,,,,,,,,,,,,
Specs (1:1),,,FREE LINUX,,,,,,,,WINDOWS,,,,,,,,REDHAT,,,,,,
#,vCPU,RAM,Ser,Typ,Fla,OS,Com,Mod,DETASAD New Monthly List Price,,Ser,Typ,Fla,OS,Com,Mod,DETASAD New Monthly List Price,,Ser,Typ,Fla,OS,Com,Mod,DETASAD New Monthly List Price
1,1,1,ECS,C1,1,LNX,3Y,FU, SAR 35.04 ,,ECS,C1,1,WIN,3Y,FU, SAR 100.13 ,,ECS,C1,1,RH,3Y,FU, SAR 230.96 
2,2,2,ECS,C1,2,LNX,3Y,FU, SAR 70.07 ,,ECS,C1,2,WIN,3Y,FU, SAR 200.27 ,,ECS,C1,2,RH,3Y,FU, SAR 265.99 
3,4,4,ECS,C1,4,LNX,3Y,FU, SAR 140.15 ,,ECS,C1,4,WIN,3Y,FU, SAR 400.53 ,,ECS,C1,4,RH,3Y,FU, SAR 336.07 
4,6,6,ECS,C1,6,LNX,3Y,FU, SAR 210.22 ,,ECS,C1,6,WIN,3Y,FU, SAR 600.80 ,,ECS,C1,6,RH,3Y,FU, SAR 406.14 
5,8,8,ECS,C1,8,LNX,3Y,FU, SAR 280.29 ,,ECS,C1,8,WIN,3Y,FU, SAR 801.06 ,,ECS,C1,8,RH,3Y,FU, SAR 476.21 
6,10,10,ECS,C1,10,LNX,3Y,FU, SAR 350.37 ,,ECS,C1,10,WIN,3Y,FU," SAR 1,001.33 ",,ECS,C1,10,RH,3Y,FU, SAR 546.29 
7,12,12,ECS,C1,12,LNX,3Y,FU, SAR 420.44 ,,ECS,C1,12,WIN,3Y,FU," SAR 1,201.59 ",,ECS,C1,12,RH,3Y,FU, SAR 616.36 
8,14,14,ECS,C1,14,LNX,3Y,FU, SAR 490.51 ,,ECS,C1,14,WIN,3Y,FU," SAR 1,401.86 ",,ECS,C1,14,RH,3Y,FU, SAR 686.43 
9,16,16,ECS,C1,16,LNX,3Y,FU, SAR 560.58 ,,ECS,C1,16,WIN,3Y,FU," SAR 1,602.12 ",,ECS,C1,16,RH,3Y,FU, SAR 756.50 
10,18,18,ECS,C1,18,LNX,3Y,FU, SAR 630.66 ,,ECS,C1,18,WIN,3Y,FU," SAR 1,802.39 ",,ECS,C1,18,RH,3Y,FU," SAR 1,063.58 "
11,20,20,ECS,C1,20,LNX,3Y,FU, SAR 700.73 ,,ECS,C1,20,WIN,3Y,FU," SAR 2,002.65 ",,ECS,C1,20,RH,3Y,FU," SAR 1,133.65 "
12,22,22,ECS,C1,22,LNX,3Y,FU, SAR 770.80 ,,ECS,C1,22,WIN,3Y,FU," SAR 2,202.92 ",,ECS,C1,22,RH,3Y,FU," SAR 1,203.72 "
13,24,24,ECS,C1,24,LNX,3Y,FU, SAR 840.88 ,,ECS,C1,24,WIN,3Y,FU," SAR 2,403.18 ",,ECS,C1,24,RH,3Y,FU," SAR 1,273.80 "
14,26,26,ECS,C1,26,LNX,3Y,FU, SAR 910.95 ,,ECS,C1,26,WIN,3Y,FU," SAR 2,603.45 ",,ECS,C1,26,RH,3Y,FU," SAR 1,343.87 "
15,28,28,ECS,C1,28,LNX,3Y,FU, SAR 981.02 ,,ECS,C1,28,WIN,3Y,FU," SAR 2,803.71 ",,ECS,C1,28,RH,3Y,FU," SAR 1,413.94 "
16,30,30,ECS,C1,30,LNX,3Y,FU," SAR 1,051.10 ",,ECS,C1,30,WIN,3Y,FU," SAR 3,003.98 ",,ECS,C1,30,RH,3Y,FU," SAR 1,484.02 "
17,32,32,ECS,C1,32,LNX,3Y,FU," SAR 1,121.17 ",,ECS,C1,32,WIN,3Y,FU," SAR 3,204.24 ",,ECS,C1,32,RH,3Y,FU," SAR 1,554.09 "
18,64,64,ECS,C1,64,LNX,3Y,FU," SAR 2,242.34 ",,ECS,C1,64,WIN,3Y,FU," SAR 6,408.48 ",,ECS,C1,64,RH,3Y,FU," SAR 2,675.26 "
19,128,128,ECS,C1,128,LNX,3Y,FU," SAR 4,484.67 ",,ECS,C1,128,WIN,3Y,FU," SAR 12,816.96 ",,ECS,C1,128,RH,3Y,FU," SAR 4,917.59 "
,,,,,,,,,,,,,,,,,,,,,,,,,,
Specs (1:0.5),,,FREE LINUX,,,,,,,,WINDOWS,,,,,,,,REDHAT,,,,,,
#,vCPU,RAM,Ser,Typ,Fla,OS,Com,Mod,DETASAD New Monthly List Price,,Ser,Typ,Fla,OS,Com,Mod,DETASAD New Monthly List Price,,Ser,Typ,Fla,OS,Com,Mod,DETASAD New Monthly List Price
1,2,1,ECS,C2,1,LNX,3Y,FU, SAR 59.73 ,,ECS,C2,1,WIN,3Y,FU, SAR 161.09 ,,ECS,C2,1,RH,3Y,FU, SAR 255.65 
2,4,2,ECS,C2,2,LNX,3Y,FU, SAR 119.46 ,,ECS,C2,2,WIN,3Y,FU, SAR 322.18 ,,ECS,C2,2,RH,3Y,FU, SAR 315.38 
3,6,3,ECS,C2,3,LNX,3Y,FU, SAR 179.20 ,,ECS,C2,3,WIN,3Y,FU, SAR 483.27 ,,ECS,C2,3,RH,3Y,FU, SAR 375.12 
4,8,4,ECS,C2,4,LNX,3Y,FU, SAR 238.93 ,,ECS,C2,4,WIN,3Y,FU, SAR 644.36 ,,ECS,C2,4,RH,3Y,FU, SAR 434.85 
5,10,5,ECS,C2,5,LNX,3Y,FU, SAR 298.66 ,,ECS,C2,5,WIN,3Y,FU, SAR 805.45 ,,ECS,C2,5,RH,3Y,FU, SAR 494.58 
6,12,6,ECS,C2,6,LNX,3Y,FU, SAR 358.39 ,,ECS,C2,6,WIN,3Y,FU, SAR 966.54 ,,ECS,C2,6,RH,3Y,FU, SAR 554.31 
7,14,7,ECS,C2,7,LNX,3Y,FU, SAR 418.12 ,,ECS,C2,7,WIN,3Y,FU," SAR 1,127.63 ",,ECS,C2,7,RH,3Y,FU, SAR 614.04 
8,16,8,ECS,C2,8,LNX,3Y,FU, SAR 477.86 ,,ECS,C2,8,WIN,3Y,FU," SAR 1,288.72 ",,ECS,C2,8,RH,3Y,FU, SAR 673.78 
9,18,9,ECS,C2,9,LNX,3Y,FU, SAR 537.59 ,,ECS,C2,9,WIN,3Y,FU," SAR 1,449.81 ",,ECS,C2,9,RH,3Y,FU, SAR 970.51 
10,20,10,ECS,C2,10,LNX,3Y,FU, SAR 597.32 ,,ECS,C2,10,WIN,3Y,FU," SAR 1,610.90 ",,ECS,C2,10,RH,3Y,FU," SAR 1,030.24 "
11,22,11,ECS,C2,11,LNX,3Y,FU, SAR 657.05 ,,ECS,C2,11,WIN,3Y,FU," SAR 1,771.98 ",,ECS,C2,11,RH,3Y,FU," SAR 1,089.97 "
12,24,12,ECS,C2,12,LNX,3Y,FU, SAR 716.78 ,,ECS,C2,12,WIN,3Y,FU," SAR 1,933.07 ",,ECS,C2,12,RH,3Y,FU," SAR 1,149.70 "
13,26,13,ECS,C2,13,LNX,3Y,FU, SAR 776.51 ,,ECS,C2,13,WIN,3Y,FU," SAR 2,094.16 ",,ECS,C2,13,RH,3Y,FU," SAR 1,209.43 "
14,28,14,ECS,C2,14,LNX,3Y,FU, SAR 836.25 ,,ECS,C2,14,WIN,3Y,FU," SAR 2,255.25 ",,ECS,C2,14,RH,3Y,FU," SAR 1,269.17 "
15,30,15,ECS,C2,15,LNX,3Y,FU, SAR 895.98 ,,ECS,C2,15,WIN,3Y,FU," SAR 2,416.34 ",,ECS,C2,15,RH,3Y,FU," SAR 1,328.90 "
16,32,16,ECS,C2,16,LNX,3Y,FU, SAR 955.71 ,,ECS,C2,16,WIN,3Y,FU," SAR 2,577.43 ",,ECS,C2,16,RH,3Y,FU," SAR 1,388.63 "
17,34,17,ECS,C2,17,LNX,3Y,FU," SAR 1,015.44 ",,ECS,C2,17,WIN,3Y,FU," SAR 2,738.52 ",,ECS,C2,17,RH,3Y,FU," SAR 1,448.36 "
18,36,18,ECS,C2,18,LNX,3Y,FU," SAR 1,075.17 ",,ECS,C2,18,WIN,3Y,FU," SAR 2,899.61 ",,ECS,C2,18,RH,3Y,FU," SAR 1,508.09 "
,,,,,,,,,,,,,,,,,,,,,,,,,,
Specs (1:8),,,FREE LINUX,,,,,,,,WINDOWS,,,,,,,,REDHAT,,,,,,
#,vCPU,RAM,Ser,Typ,Fla,OS,Com,Mod,DETASAD New Monthly List Price,,Ser,Typ,Fla,OS,Com,Mod,DETASAD New Monthly List Price,,Ser,Typ,Fla,OS,Com,Mod,DETASAD New Monthly List Price
1,1,8,ECS,M1,8,LNX,3Y,FU, SAR 74.79 ,,ECS,M1,8,WIN,3Y,FU, SAR 186.22 ,,ECS,M1,8,RH,3Y,FU, SAR 211.19 
2,2,16,ECS,M1,16,LNX,3Y,FU, SAR 149.58 ,,ECS,M1,16,WIN,3Y,FU, SAR 372.44 ,,ECS,M1,16,RH,3Y,FU, SAR 285.98 
3,4,32,ECS,M1,32,LNX,3Y,FU, SAR 299.16 ,,ECS,M1,32,WIN,3Y,FU, SAR 744.88 ,,ECS,M1,32,RH,3Y,FU, SAR 435.56 
4,6,48,ECS,M1,48,LNX,3Y,FU, SAR 448.73 ,,ECS,M1,48,WIN,3Y,FU," SAR 1,117.32 ",,ECS,M1,48,RH,3Y,FU, SAR 585.13 
5,8,64,ECS,M1,64,LNX,3Y,FU, SAR 598.31 ,,ECS,M1,64,WIN,3Y,FU," SAR 1,489.76 ",,ECS,M1,64,RH,3Y,FU, SAR 734.71 
6,10,80,ECS,M1,80,LNX,3Y,FU, SAR 747.89 ,,ECS,M1,80,WIN,3Y,FU," SAR 1,862.21 ",,ECS,M1,80,RH,3Y,FU, SAR 884.29 
7,12,96,ECS,M1,96,LNX,3Y,FU, SAR 897.47 ,,ECS,M1,96,WIN,3Y,FU," SAR 2,234.65 ",,ECS,M1,96,RH,3Y,FU," SAR 1,033.87 "
8,14,112,ECS,M1,112,LNX,3Y,FU," SAR 1,047.05 ",,ECS,M1,112,WIN,3Y,FU," SAR 2,607.09 ",,ECS,M1,112,RH,3Y,FU," SAR 1,183.45 "
9,16,128,ECS,M1,128,LNX,3Y,FU," SAR 1,196.62 ",,ECS,M1,128,WIN,3Y,FU," SAR 2,979.53 ",,ECS,M1,128,RH,3Y,FU," SAR 1,333.02 "
10,18,144,ECS,M1,144,LNX,3Y,FU," SAR 1,346.20 ",,ECS,M1,144,WIN,3Y,FU," SAR 3,351.97 ",,ECS,M1,144,RH,3Y,FU," SAR 1,647.60 "
,,,,,,,,,,,,,,,,,,,,,,,,,,
,,,,,,,,,
ON-DEMAND,,,,,,,,
,,,,,,,,,
Specs (1:4),,,ORACLE,,,,,
#,vCPU,RAM,Ser,Typ,Fla,Com,Mod,DETASAD New Monthly List Price
1,2,8,ORC,G1,8,OD,MO, SAR 688.60 
2,4,16,ORC,G1,16,OD,MO," SAR 1,127.20 "
3,6,24,ORC,G1,24,OD,MO," SAR 1,565.80 "
4,8,32,ORC,G1,32,OD,MO," SAR 2,004.40 "
5,10,40,ORC,G1,40,OD,MO," SAR 2,443.00 "
6,12,48,ORC,G1,48,OD,MO," SAR 2,881.60 "
7,16,64,ORC,G1,64,OD,MO," SAR 3,758.80 "
8,32,128,ORC,G1,128,OD,MO," SAR 7,267.60 "
9,40,160,ORC,G1,160,OD,MO," SAR 9,022.00 "
10,64,256,ORC,G1,256,OD,MO," SAR 14,285.20 "
,,,,,,,,,
Specs (1:2),,,ORACLE,,,,,
#,vCPU,RAM,Ser,Typ,Fla,Com,Mod,DETASAD New Monthly List Price
1,2,16,ORC,G2,16,OD,MO, SAR 736.44 
2,4,32,ORC,G2,32,OD,MO," SAR 1,222.88 "
3,6,48,ORC,G2,48,OD,MO," SAR 1,709.32 "
4,8,64,ORC,G2,64,OD,MO," SAR 2,195.76 "
5,10,80,ORC,G2,80,OD,MO," SAR 2,682.20 "
6,12,96,ORC,G2,96,OD,MO," SAR 3,168.64 "
7,14,112,ORC,G2,112,OD,MO," SAR 3,655.08 "
8,16,128,ORC,G2,128,OD,MO," SAR 4,141.52 "
9,32,256,ORC,G2,256,OD,MO," SAR 8,033.04 "
10,64,512,ORC,G2,512,OD,MO," SAR 15,816.08 "
,,,,,,,,,
,,,,,,,,,
,,,,,,,,,
1 YEAR - NO UPFRONT,,,,,,,,
,,,,,,,,,
Specs (1:4),,,ORACLE,,,,,
#,vCPU,RAM,Ser,Typ,Fla,Com,Mod,DETASAD New Monthly List Price
1,2,8,ORC,G1,8,1Y,NU, SAR 516.45 
2,4,16,ORC,G1,16,1Y,NU, SAR 845.40 
3,6,24,ORC,G1,24,1Y,NU," SAR 1,174.35 "
4,8,32,ORC,G1,32,1Y,NU," SAR 1,503.30 "
5,10,40,ORC,G1,40,1Y,NU," SAR 1,832.25 "
6,12,48,ORC,G1,48,1Y,NU," SAR 2,161.20 "
7,16,64,ORC,G1,64,1Y,NU," SAR 2,819.10 "
8,32,128,ORC,G1,128,1Y,NU," SAR 5,450.70 "
9,40,160,ORC,G1,160,1Y,NU," SAR 6,766.50 "
10,64,256,ORC,G1,256,1Y,NU," SAR 10,713.90 "
,,,,,,,,,
Specs (1:2),,,ORACLE,,,,,
#,vCPU,RAM,Ser,Typ,Fla,Com,Mod,DETASAD New Monthly List Price
1,2,16,ORC,G2,16,1Y,NU, SAR 552.33 
2,4,32,ORC,G2,32,1Y,NU, SAR 917.16 
3,6,48,ORC,G2,48,1Y,NU," SAR 1,281.99 "
4,8,64,ORC,G2,64,1Y,NU," SAR 1,646.82 "
5,10,80,ORC,G2,80,1Y,NU," SAR 2,011.65 "
6,12,96,ORC,G2,96,1Y,NU," SAR 2,376.48 "
7,14,112,ORC,G2,112,1Y,NU," SAR 2,741.31 "
8,16,128,ORC,G2,128,1Y,NU," SAR 3,106.14 "
9,32,256,ORC,G2,256,1Y,NU," SAR 6,024.78 "
10,64,512,ORC,G2,512,1Y,NU," SAR 11,862.06 "
,,,,,,,,,
1 YEAR - PARTIAL UPFRONT,,,,,,,,
,,,,,,,,,
Specs (1:4),,,ORACLE,,,,,
#,vCPU,RAM,Ser,Typ,Fla,Com,Mod,DETASAD New Monthly List Price
1,2,8,ORC,G1,8,1Y,PU, SAR 482.02 
2,4,16,ORC,G1,16,1Y,PU, SAR 789.04 
3,6,24,ORC,G1,24,1Y,PU," SAR 1,096.06 "
4,8,32,ORC,G1,32,1Y,PU," SAR 1,403.08 "
5,10,40,ORC,G1,40,1Y,PU," SAR 1,710.10 "
6,12,48,ORC,G1,48,1Y,PU," SAR 2,017.12 "
7,16,64,ORC,G1,64,1Y,PU," SAR 2,631.16 "
8,32,128,ORC,G1,128,1Y,PU," SAR 5,087.32 "
9,40,160,ORC,G1,160,1Y,PU," SAR 6,315.40 "
10,64,256,ORC,G1,256,1Y,PU," SAR 9,999.64 "
,,,,,,,,,
Specs (1:2),,,ORACLE,,,,,
#,vCPU,RAM,Ser,Typ,Fla,Com,Mod,DETASAD New Monthly List Price
1,2,16,ORC,G2,16,1Y,PU, SAR 515.51 
2,4,32,ORC,G2,32,1Y,PU, SAR 856.02 
3,6,48,ORC,G2,48,1Y,PU," SAR 1,196.52 "
4,8,64,ORC,G2,64,1Y,PU," SAR 1,537.03 "
5,10,80,ORC,G2,80,1Y,PU," SAR 1,877.54 "
6,12,96,ORC,G2,96,1Y,PU," SAR 2,218.05 "
7,14,112,ORC,G2,112,1Y,PU," SAR 2,558.56 "
8,16,128,ORC,G2,128,1Y,PU," SAR 2,899.06 "
9,32,256,ORC,G2,256,1Y,PU," SAR 5,623.13 "
10,64,512,ORC,G2,512,1Y,PU," SAR 11,071.26 "
,,,,,,,,,
1 YEAR - FULL UPFRONT,,,,,,,,
,,,,,,,,,
Specs (1:4),,,ORACLE,,,,,
#,vCPU,RAM,Ser,Typ,Fla,Com,Mod,DETASAD New Monthly List Price
1,2,8,ORC,G1,8,1Y,FU, SAR 447.59 
2,4,16,ORC,G1,16,1Y,FU, SAR 732.68 
3,6,24,ORC,G1,24,1Y,FU," SAR 1,017.77 "
4,8,32,ORC,G1,32,1Y,FU," SAR 1,302.86 "
5,10,40,ORC,G1,40,1Y,FU," SAR 1,587.95 "
6,12,48,ORC,G1,48,1Y,FU," SAR 1,873.04 "
7,16,64,ORC,G1,64,1Y,FU," SAR 2,443.22 "
8,32,128,ORC,G1,128,1Y,FU," SAR 4,723.94 "
9,40,160,ORC,G1,160,1Y,FU," SAR 5,864.30 "
10,64,256,ORC,G1,256,1Y,FU," SAR 9,285.38 "
,,,,,,,,,
Specs (1:2),,,ORACLE,,,,,
#,vCPU,RAM,Ser,Typ,Fla,Com,Mod,DETASAD New Monthly List Price
1,2,16,ORC,G2,16,1Y,FU, SAR 478.69 
2,4,32,ORC,G2,32,1Y,FU, SAR 794.87 
3,6,48,ORC,G2,48,1Y,FU," SAR 1,111.06 "
4,8,64,ORC,G2,64,1Y,FU," SAR 1,427.24 "
5,10,80,ORC,G2,80,1Y,FU," SAR 1,743.43 "
6,12,96,ORC,G2,96,1Y,FU," SAR 2,059.62 "
7,14,112,ORC,G2,112,1Y,FU," SAR 2,375.80 "
8,16,128,ORC,G2,128,1Y,FU," SAR 2,691.99 "
9,32,256,ORC,G2,256,1Y,FU," SAR 5,221.48 "
10,64,512,ORC,G2,512,1Y,FU," SAR 10,280.45 "
,,,,,,,,,
3 YEARS - NO UPFRONT,,,,,,,,
,,,,,,,,,
Specs (1:4),,,ORACLE,,,,,
#,vCPU,RAM,Ser,Typ,Fla,Com,Mod,DETASAD New Monthly List Price
1,2,8,ORC,G1,8,3Y,NU, SAR 413.16 
2,4,16,ORC,G1,16,3Y,NU, SAR 676.32 
3,6,24,ORC,G1,24,3Y,NU, SAR 939.48 
4,8,32,ORC,G1,32,3Y,NU," SAR 1,202.64 "
5,10,40,ORC,G1,40,3Y,NU," SAR 1,465.80 "
6,12,48,ORC,G1,48,3Y,NU," SAR 1,728.96 "
7,16,64,ORC,G1,64,3Y,NU," SAR 2,255.28 "
8,32,128,ORC,G1,128,3Y,NU," SAR 4,360.56 "
9,40,160,ORC,G1,160,3Y,NU," SAR 5,413.20 "
10,64,256,ORC,G1,256,3Y,NU," SAR 8,571.12 "
,,,,,,,,,
Specs (1:2),,,ORACLE,,,,,
#,vCPU,RAM,Ser,Typ,Fla,Com,Mod,DETASAD New Monthly List Price
1,2,16,ORC,G2,16,3Y,NU, SAR 441.86 
2,4,32,ORC,G2,32,3Y,NU, SAR 733.73 
3,6,48,ORC,G2,48,3Y,NU," SAR 1,025.59 "
4,8,64,ORC,G2,64,3Y,NU," SAR 1,317.46 "
5,10,80,ORC,G2,80,3Y,NU," SAR 1,609.32 "
6,12,96,ORC,G2,96,3Y,NU," SAR 1,901.18 "
7,14,112,ORC,G2,112,3Y,NU," SAR 2,193.05 "
8,16,128,ORC,G2,128,3Y,NU," SAR 2,484.91 "
9,32,256,ORC,G2,256,3Y,NU," SAR 4,819.82 "
10,64,512,ORC,G2,512,3Y,NU," SAR 9,489.65 "
,,,,,,,,,
3 YEARS - PARTIAL UPFRONT,,,,,,,,
,,,,,,,,,
Specs (1:4),,,ORACLE,,,,,
#,vCPU,RAM,Ser,Typ,Fla,Com,Mod,DETASAD New Monthly List Price
1,2,8,ORC,G1,8,3Y,PU, SAR 378.73 
2,4,16,ORC,G1,16,3Y,PU, SAR 619.96 
3,6,24,ORC,G1,24,3Y,PU, SAR 861.19 
4,8,32,ORC,G1,32,3Y,PU," SAR 1,102.42 "
5,10,40,ORC,G1,40,3Y,PU," SAR 1,343.65 "
6,12,48,ORC,G1,48,3Y,PU," SAR 1,584.88 "
7,16,64,ORC,G1,64,3Y,PU," SAR 2,067.34 "
8,32,128,ORC,G1,128,3Y,PU," SAR 3,997.18 "
9,40,160,ORC,G1,160,3Y,PU," SAR 4,962.10 "
10,64,256,ORC,G1,256,3Y,PU," SAR 7,856.86 "
,,,,,,,,,
Specs (1:2),,,ORACLE,,,,,
#,vCPU,RAM,Ser,Typ,Fla,Com,Mod,DETASAD New Monthly List Price
1,2,16,ORC,G2,16,3Y,PU, SAR 405.04 
2,4,32,ORC,G2,32,3Y,PU, SAR 672.58 
3,6,48,ORC,G2,48,3Y,PU, SAR 940.13 
4,8,64,ORC,G2,64,3Y,PU," SAR 1,207.67 "
5,10,80,ORC,G2,80,3Y,PU," SAR 1,475.21 "
6,12,96,ORC,G2,96,3Y,PU," SAR 1,742.75 "
7,14,112,ORC,G2,112,3Y,PU," SAR 2,010.29 "
8,16,128,ORC,G2,128,3Y,PU," SAR 2,277.84 "
9,32,256,ORC,G2,256,3Y,PU," SAR 4,418.17 "
10,64,512,ORC,G2,512,3Y,PU," SAR 8,698.84 "
,,,,,,,,,
3 YEARS - FULL UPFRONT,,,,,,,,
,,,,,,,,,
Specs (1:4),,,ORACLE,,,,,
#,vCPU,RAM,Ser,Typ,Fla,Com,Mod,DETASAD New Monthly List Price
1,2,8,ORC,G1,8,3Y,FU, SAR 344.30 
2,4,16,ORC,G1,16,3Y,FU, SAR 563.60 
3,6,24,ORC,G1,24,3Y,FU, SAR 782.90 
4,8,32,ORC,G1,32,3Y,FU," SAR 1,002.20 "
5,10,40,ORC,G1,40,3Y,FU," SAR 1,221.50 "
6,12,48,ORC,G1,48,3Y,FU," SAR 1,440.80 "
7,16,64,ORC,G1,64,3Y,FU," SAR 1,879.40 "
8,32,128,ORC,G1,128,3Y,FU," SAR 3,633.80 "
9,40,160,ORC,G1,160,3Y,FU," SAR 4,511.00 "
10,64,256,ORC,G1,256,3Y,FU," SAR 7,142.60 "
,,,,,,,,,
Specs (1:2),,,ORACLE,,,,,
#,vCPU,RAM,Ser,Typ,Fla,Com,Mod,DETASAD New Monthly List Price
1,2,16,ORC,G2,16,3Y,FU, SAR 368.22 
2,4,32,ORC,G2,32,3Y,FU, SAR 611.44 
3,6,48,ORC,G2,48,3Y,FU, SAR 854.66 
4,8,64,ORC,G2,64,3Y,FU," SAR 1,097.88 "
5,10,80,ORC,G2,80,3Y,FU," SAR 1,341.10 "
6,12,96,ORC,G2,96,3Y,FU," SAR 1,584.32 "
7,14,112,ORC,G2,112,3Y,FU," SAR 1,827.54 "
8,16,128,ORC,G2,128,3Y,FU," SAR 2,070.76 "
9,32,256,ORC,G2,256,3Y,FU," SAR 4,016.52 "
10,64,512,ORC,G2,512,3Y,FU," SAR 7,908.04 "
,,,,,,,,,
ON-DEMAND,,,,,,,,
,,,,,,,,,
Specs (1:4),,,HANA,,,,,
#,vCPU,RAM,Ser,Typ,Fla,Com,Mod,DETASAD New Monthly List Price
1,40,160,HANA,G1,160,OD,MO," SAR 7,785.80 "
2,64,256,HANA,G1,256,OD,MO," SAR 11,930.60 "
,,,,,,,,,
Specs (1:8),,,HANA,,,,,
#,vCPU,RAM,Ser,Typ,Fla,Com,Mod,DETASAD New Monthly List Price
1,8,64,HANA,M1,64,OD,MO," SAR 2,351.80 "
2,10,80,HANA,M1,80,OD,MO," SAR 2,802.80 "
3,12,96,HANA,M1,96,OD,MO," SAR 3,253.80 "
4,14,112,HANA,M1,112,OD,MO," SAR 3,704.80 "
5,16,128,HANA,M1,128,OD,MO," SAR 4,155.80 "
6,18,144,HANA,M1,144,OD,MO," SAR 4,936.80 "
7,32,256,HANA,M1,256,OD,MO," SAR 8,093.80 "
8,64,512,HANA,M1,512,OD,MO," SAR 15,309.80 "
,,,,,,,,,
Specs (1:16),,,HANA,,,,,
#,vCPU,RAM,Ser,Typ,Fla,Com,Mod,DETASAD New Monthly List Price
1,40,640,HANA,M2,640,OD,MO," SAR 14,121.80 "
,,,,,,,,,
,,,,,,,,,
1 YEAR - NO UPFRONT,,,,,,,,
,,,,,,,,,
Specs (1:4),,,HANA,,,,,
#,vCPU,RAM,Ser,Typ,Fla,Com,Mod,DETASAD New Monthly List Price
1,40,160,HANA,G1,160,1Y,NU," SAR 4,954.60 "
2,64,256,HANA,G1,256,1Y,NU," SAR 7,592.20 "
,,,,,,,,,
Specs (1:8),,,HANA,,,,,
#,vCPU,RAM,Ser,Typ,Fla,Com,Mod,DETASAD New Monthly List Price
1,8,64,HANA,M1,64,1Y,NU," SAR 1,496.60 "
2,10,80,HANA,M1,80,1Y,NU," SAR 1,783.60 "
3,12,96,HANA,M1,96,1Y,NU," SAR 2,070.60 "
4,14,112,HANA,M1,112,1Y,NU," SAR 2,357.60 "
5,16,128,HANA,M1,128,1Y,NU," SAR 2,644.60 "
6,18,144,HANA,M1,144,1Y,NU," SAR 3,141.60 "
7,32,256,HANA,M1,256,1Y,NU," SAR 5,150.60 "
8,64,512,HANA,M1,512,1Y,NU," SAR 9,742.60 "
,,,,,,,,,
Specs (1:16),,,HANA,,,,,
#,vCPU,RAM,Ser,Typ,Fla,Com,Mod,DETASAD New Monthly List Price
1,40,640,HANA,M2,640,1Y,NU," SAR 8,986.60 "
,,,,,,,,,
1 YEAR - PARTIAL UPFRONT,,,,,,,,
,,,,,,,,,
Specs (1:4),,,HANA,,,,,
#,vCPU,RAM,Ser,Typ,Fla,Com,Mod,DETASAD New Monthly List Price
1,40,160,HANA,G1,160,1Y,PU," SAR 4,600.70 "
2,64,256,HANA,G1,256,1Y,PU," SAR 7,049.90 "
,,,,,,,,,
Specs (1:8),,,HANA,,,,,
#,vCPU,RAM,Ser,Typ,Fla,Com,Mod,DETASAD New Monthly List Price
1,8,64,HANA,M1,64,1Y,PU," SAR 1,389.70 "
2,10,80,HANA,M1,80,1Y,PU," SAR 1,656.20 "
3,12,96,HANA,M1,96,1Y,PU," SAR 1,922.70 "
4,14,112,HANA,M1,112,1Y,PU," SAR 2,189.20 "
5,16,128,HANA,M1,128,1Y,PU," SAR 2,455.70 "
6,18,144,HANA,M1,144,1Y,PU," SAR 2,917.20 "
7,32,256,HANA,M1,256,1Y,PU," SAR 4,782.70 "
8,64,512,HANA,M1,512,1Y,PU," SAR 9,046.70 "
,,,,,,,,,
Specs (1:16),,,HANA,,,,,
#,vCPU,RAM,Ser,Typ,Fla,Com,Mod,DETASAD New Monthly List Price
1,40,640,HANA,M2,640,1Y,PU," SAR 8,344.70 "

1 YEAR - FULL UPFRONT,,,,,,,,
,,,,,,,,,
Specs (1:4),,,HANA,,,,,
#,vCPU,RAM,Ser,Typ,Fla,Com,Mod,DETASAD New Monthly List Price
1,40,160,HANA,G1,160,1Y,FU," SAR 4,246.80 "
2,64,256,HANA,G1,256,1Y,FU," SAR 6,507.60 "
,,,,,,,,,
Specs (1:8),,,HANA,,,,,
#,vCPU,RAM,Ser,Typ,Fla,Com,Mod,DETASAD New Monthly List Price
1,8,64,HANA,M1,64,1Y,FU," SAR 1,282.80 "
2,10,80,HANA,M1,80,1Y,FU," SAR 1,528.80 "
3,12,96,HANA,M1,96,1Y,FU," SAR 1,774.80 "
4,14,112,HANA,M1,112,1Y,FU," SAR 2,020.80 "
5,16,128,HANA,M1,128,1Y,FU," SAR 2,266.80 "
6,18,144,HANA,M1,144,1Y,FU," SAR 2,692.80 "
7,32,256,HANA,M1,256,1Y,FU," SAR 4,414.80 "
8,64,512,HANA,M1,512,1Y,FU," SAR 8,350.80 "
,,,,,,,,,
Specs (1:16),,,HANA,,,,,
#,vCPU,RAM,Ser,Typ,Fla,Com,Mod,DETASAD New Monthly List Price
1,40,640,HANA,M2,640,1Y,FU," SAR 7,702.80 "
,,,,,,,,,
3 YEARS - NO UPFRONT,,,,,,,,
,,,,,,,,,
Specs (1:4),,,HANA,,,,,
#,vCPU,RAM,Ser,Typ,Fla,Com,Mod,DETASAD New Monthly List Price
1,40,160,HANA,G1,160,3Y,NU," SAR 3,539.00 "
2,64,256,HANA,G1,256,3Y,NU," SAR 5,423.00 "
,,,,,,,,,
Specs (1:8),,,HANA,,,,,
#,vCPU,RAM,Ser,Typ,Fla,Com,Mod,DETASAD New Monthly List Price
1,8,64,HANA,M1,64,3Y,NU," SAR 1,069.00 "
2,10,80,HANA,M1,80,3Y,NU," SAR 1,274.00 "
3,12,96,HANA,M1,96,3Y,NU," SAR 1,479.00 "
4,14,112,HANA,M1,112,3Y,NU," SAR 1,684.00 "
5,16,128,HANA,M1,128,3Y,NU," SAR 1,889.00 "
6,18,144,HANA,M1,144,3Y,NU," SAR 2,244.00 "
7,32,256,HANA,M1,256,3Y,NU," SAR 3,679.00 "
8,64,512,HANA,M1,512,3Y,NU," SAR 6,959.00 "
,,,,,,,,,
Specs (1:16),,,HANA,,,,,
#,vCPU,RAM,Ser,Typ,Fla,Com,Mod,DETASAD New Monthly List Price
1,40,640,HANA,M2,640,3Y,NU," SAR 6,419.00 "
,,,,,,,,,
3 YEARS - PARTIAL UPFRONT,,,,,,,,
,,,,,,,,,
Specs (1:4),,,HANA,,,,,
#,vCPU,RAM,Ser,Typ,Fla,Com,Mod,DETASAD New Monthly List Price
1,40,160,HANA,G1,160,3Y,PU," SAR 3,185.10 "
2,64,256,HANA,G1,256,3Y,PU," SAR 4,880.70 "
,,,,,,,,,
Specs (1:8),,,HANA,,,,,
#,vCPU,RAM,Ser,Typ,Fla,Com,Mod,DETASAD New Monthly List Price
1,8,64,HANA,M1,64,3Y,PU, SAR 962.10 
2,10,80,HANA,M1,80,3Y,PU," SAR 1,146.60 "
3,12,96,HANA,M1,96,3Y,PU," SAR 1,331.10 "
4,14,112,HANA,M1,112,3Y,PU," SAR 1,515.60 "
5,16,128,HANA,M1,128,3Y,PU," SAR 1,700.10 "
6,18,144,HANA,M1,144,3Y,PU," SAR 2,019.60 "
7,32,256,HANA,M1,256,3Y,PU," SAR 3,311.10 "
8,64,512,HANA,M1,512,3Y,PU," SAR 6,263.10 "
,,,,,,,,,
Specs (1:16),,,HANA,,,,,
#,vCPU,RAM,Ser,Typ,Fla,Com,Mod,DETASAD New Monthly List Price
1,40,640,HANA,M2,640,3Y,PU," SAR 5,777.10 "

3 YEARS - FULL UPFRONT,,,,,,,,
,,,,,,,,,
Specs (1:4),,,HANA,,,,,
#,vCPU,RAM,Ser,Typ,Fla,Com,Mod,DETASAD New Monthly List Price
1,40,160,HANA,G1,160,3Y,FU," SAR 2,831.20 "
2,64,256,HANA,G1,256,3Y,FU," SAR 4,338.40 "
,,,,,,,,,
Specs (1:8),,,HANA,,,,,
#,vCPU,RAM,Ser,Typ,Fla,Com,Mod,DETASAD New Monthly List Price
1,8,64,HANA,M1,64,3Y,FU, SAR 855.20 
2,10,80,HANA,M1,80,3Y,FU," SAR 1,019.20 "
3,12,96,HANA,M1,96,3Y,FU," SAR 1,183.20 "
4,14,112,HANA,M1,112,3Y,FU," SAR 1,347.20 "
5,16,128,HANA,M1,128,3Y,FU," SAR 1,511.20 "
6,18,144,HANA,M1,144,3Y,FU," SAR 1,795.20 "
7,32,256,HANA,M1,256,3Y,FU," SAR 2,943.20 "
8,64,512,HANA,M1,512,3Y,FU," SAR 5,567.20 "
,,,,,,,,,
Specs (1:16),,,HANA,,,,,
#,vCPU,RAM,Ser,Typ,Fla,Com,Mod,DETASAD New Monthly List Price
1,40,640,HANA,M2,640,3Y,FU," SAR 5,135.20 "
,,,,,
Storage,,,,
#,Storage Type,Ser,Typ,DETASAD New Monthly List Price
1,SSD-EVS,EVS,SSD, SAR 0.46 
2,OSS,OSS,STD, SAR 0.08 
3,VBS,VBS,STD, SAR 0.14 

,,,,,
